incident_type,fatalities_number,number_of_people_evacuated,number_of_habitable_structures_evacuated,number_of_habitable_structures_flooded,other_infrastructure_impacts,economic_damages_in,response,volume_released_at_failure_ac_ft
Failure,0,0,0,0,0,0,-1,36
Failure,-1,-1,-1,-1,-1,-1,-1,-1
Failure,-1,-1,-1,-1,-1,-1,-1,-1
Non-Failure,-1,-1,-1,-1,-1,-1,-1,-1
Failure,0,-1,-1,-1,-1,-1,-1,-1
Failure,0,0,0,0,Other,"$100,000 to $500,000","Property was abandoned by mining company decades ago and is now owned by state (IRRRB).  Rebuild of trail over $1,000,000.",100
Non-Failure,-1,-1,-1,-1,-1,-1,-1,-1
Non-Failure,-1,-1,-1,-1,-1,-1,-1,-1
Non-Failure,-1,-1,-1,-1,-1,-1,"Drill was stopped, the hole was grouted and the situation returned to ""normal"". Reservoir was lowered and an emergency seepage collection system and stability butress were constructed.",-1
Non-Failure,0,1,0,0,-1,-1,-1,-1
Non-Failure,0,-1,-1,-1,-1,-1,-1,-1
Non-Failure,0,0,0,0,0,0,"Directed owner to clear debris, repair erosion.",0
Non-Failure,0,-1,-1,-1,-1,-1,-1,-1
Non-Failure,-1,0,-1,-1,-1,-1,-1,-1
Non-Failure,0,unknown,unknown,unknown,Roads,-1,Owner did some stabilization work on sloughing and hired an engineering consultant to do additional analysis,-1
Failure,-1,-1,-1,-1,-1,-1,-1,-1
Non-Failure,-1,-1,-1,-1,-1,-1,-1,-1
Failure,-1,-1,-1,-1,-1,-1,-1,-1
Failure,-1,-1,-1,-1,-1,-1,-1,-1
Non-Failure,-1,-1,-1,-1,-1,-1,-1,-1
Non-Failure,-1,-1,-1,-1,-1,-1,-1,-1
Non-Failure,-1,-1,-1,-1,-1,-1,-1,-1
Non-Failure,-1,-1,-1,-1,-1,-1,-1,-1
Failure,0,-1,0,-1,-1,$1 million to $5 million,-1,-1
Failure,0,0,0,0,-1,"$100,000 to $500,000",COFFERDAM CONSTRUCTED; A 20' BOTTOM WIDTH BREACH CHANNEL EXCAVATED TO DRAIN BY MAY 11,-1
Failure,-1,-1,-1,-1,-1,-1,-1,-1
Non-Failure,0,1,0,0,-1,Unknown,-1,-1
Non-Failure,-1,-1,-1,-1,-1,-1,-1,-1
Non-Failure,-1,-1,-1,-1,-1,-1,-1,-1
Non-Failure,-1,0,-1,0,-1,-1,-1,0
Non-Failure,0,0,0,0,-1,-1,Response hindered as this was an illegal dam previously unknown to the Division of Safety of Dams until days after the event.,-1
Failure,0,0,-1,-1,-1,-1,OWNER NOW AGREES TO REMOVE DAM & WILL BE ISSUED EMERGENCY PERMIT WITH SPECIFIED BREACH SIZE,-1
Failure,7,-1,-1,-1,-1,-1,-1,-1
Non-Failure,-1,-1,-1,-1,Roads/Bridges,Unknown,"Owner contacted local EMC when water was within 5-ft of the crest, residents downstream evacuated",-1
Failure,5,16500,-1,-1,-1,-1,-1,-1
Failure,-1,-1,-1,-1,-1,-1,-1,-1
Failure,-1,-1,-1,-1,-1,-1,-1,-1
Non-Failure,-1,-1,-1,-1,-1,-1,-1,-1
Non-Failure,-1,-1,-1,-1,-1,-1,-1,-1
Failure,-1,-1,-1,-1,-1,-1,-1,-1
Non-Failure,-1,0,-1,0,Unknown,Unknown,-1,-1
Non-Failure,-1,-1,-1,-1,-1,-1,-1,-1
Non-Failure,0,0,0,0,-1,-1,The seepage was repaired using additional cutoffs and relief drains and the sink hole was repaired.,-1
Non-Failure,-1,-1,-1,-1,-1,-1,-1,-1
Non-Failure,-1,-1,-1,-1,-1,-1,-1,-1
Non-Failure,-1,-1,-1,-1,-1,-1,-1,-1
Failure,-1,-1,-1,-1,-1,-1,-1,-1
Failure,0,0,0,0,-1,-1,-1,-1
Non-Failure,-1,-1,-1,-1,-1,-1,-1,-1
Non-Failure,-1,-1,-1,-1,-1,-1,-1,-1
Non-Failure,-1,0,-1,0,-1,-1,-1,-1
Failure,0,0,0,0,-1,-1,State Dam Safety Program performed a full inspection following the breach of this dam.  The inspection report will contain a requirement that the Owner hire an engineer and submit either a permit application for repair or removal of the dam.,-1
Non-Failure,0,0,0,0,-1,-1,-1,-1
Failure,88,-1,-1,-1,-1,-1,-1,-1
Non-Failure,-1,-1,-1,-1,-1,-1,-1,-1
Non-Failure,-1,-1,-1,-1,-1,-1,-1,-1
Non-Failure,-1,-1,-1,-1,-1,-1,-1,-1
Non-Failure,-1,-1,-1,-1,-1,-1,-1,-1
Non-Failure,0,-1,-1,-1,-1,-1,-1,-1
Non-Failure,-1,-1,-1,-1,-1,-1,-1,-1
Non-Failure,0,0,0,0,-1,-1,Activated EAP by keeping necessary parties informed and implemented monitoring procedures.,-1
Non-Failure,0,0,0,0,-1,-1,-1,-1
Non-Failure,-1,-1,-1,-1,-1,-1,-1,-1
Non-Failure,-1,Unknown,8,Unknown,Bridges,-1,-1,-1
Non-Failure,-1,-1,-1,-1,-1,-1,-1,-1
Non-Failure,-1,-1,-1,-1,-1,-1,-1,-1
Failure,-1,-1,-1,-1,-1,"$500,000 to $1 million",-1,-1
Non-Failure,0,0,0,0,0,0,Collum contacted the Tombigbee River Valley Water Management District about repairs as they had previously repaired the structure.,-1
Non-Failure,0,0,0,0,-1,-1,-1,-1
Non-Failure,-1,-1,-1,-1,-1,-1,-1,-1
Non-Failure,0,0,0,-1,-1,-1,DEPRESSION AREA ISOLATED BY COFFER DAM AND BACKFILLED WITH CONCRETE AS A TEMPORARY REPAIR.,-1
Non-Failure,0,15,6,0,-1,-1,AN EMERGENCY PERMIT WAS ISSUED TO REPAIR THE DAM.,-1
Non-Failure,0,15,6,0,-1,-1,A DETAILED BREACH ANALYSIS IN 2016 USING LIDAR SHOWED DOWNSTREAM HOMES ARE NOT IMPACTED BY A DAM FAILURE.,-1
Non-Failure,-1,-1,-1,-1,-1,-1,-1,-1
Failure,-1,-1,-1,-1,-1,-1,-1,-1
Non-Failure,0,0,0,0,0,0,Owner had contractor cut a new spillway over natural ground to help drain and prevent failure.,-1
Non-Failure,-1,0,-1,0,-1,-1,-1,-1
Non-Failure,-1,-1,-1,-1,-1,-1,State employees made a site visit the following day (9/1) to investigate dam.,-1
Failure,-1,-1,-1,-1,-1,-1,-1,-1
Non-Failure,-1,0,0,0,-1,"$1 to $100,000",-1,-1
Non-Failure,-1,-1,-1,-1,-1,-1,-1,-1
Failure,0,0,0,0,-1,-1,-1,-1
Non-Failure,-1,0,-1,0,-1,-1,-1,0
Non-Failure,-1,0,-1,0,-1,-1,-1,-1
Failure,0,0,0,0,0,0,Worked with EMA and responders to plug the piping failure until permanent repairs could be made.,-1
Non-Failure,-1,-1,-1,-1,-1,-1,-1,-1
Non-Failure,-1,-1,-1,-1,-1,-1,-1,-1
Non-Failure,-1,-1,-1,-1,-1,-1,-1,-1
Failure,0,6,2,0,Railroads,-1,-1,18
Failure,0,0,0,1,"Roads, Bridges",$10 million to $25 million,-1,29
Non-Failure,-1,0,-1,0,Roads,-1,-1,0
Non-Failure,-1,Unknown,Unknown,0,Roads,Unknown,Work was done to lower the reservoir and to try to stabilize the headcut.,-1
Non-Failure,-1,0,-1,0,-1,-1,-1,-1
Failure,-1,-1,-1,-1,-1,-1,-1,-1
Non-Failure,-1,-1,-1,-1,-1,-1,-1,-1
Failure,0,0,0,0,-1,-1,-1,-1
Failure,-1,-1,-1,-1,-1,-1,-1,-1
Failure,-1,-1,-1,-1,-1,-1,-1,-1
Non-Failure,-1,-1,-1,-1,-1,-1,-1,-1
Failure,-1,-1,-1,-1,-1,-1,-1,-1
Non-Failure,-1,0,-1,0,-1,-1,-1,-1
Failure,0,0,0,0,-1,Unknown,DNR owned Dam.  Operators notified DNR Dam Safety quickly.,400
Non-Failure,-1,-1,-1,-1,-1,-1,-1,-1
Failure,-1,339,-1,85,Water/sewer lines,-1,-1,600
Failure,-1,-1,-1,-1,-1,-1,-1,-1
Non-Failure,0,0,0,0,-1,Unknown,-1,-1
Non-Failure,-1,-1,-1,-1,-1,-1,"Structural Analysis interim stability, lower pool",-1
Non-Failure,-1,-1,-1,-1,Roads,-1,work with owner to remove valve and allow reservoir to drain full and stream to run through the conduit until such time as the outlet works can be removed and replaced,-1
Failure,-1,-1,-1,-1,-1,-1,-1,-1
Failure,-1,0,-1,0,-1,-1,-1,27
Failure,0,0,0,0,-1,-1,PA DEPT OF HEALTH WARNED D/S HOMES (BORO REFUSED).  LATER DAM RAISED W/ WIDER SPILLWAY,-1
Failure,-1,-1,-1,-1,-1,-1,-1,-1
Failure,0,0,-1,-1,-1,-1,EMERGENCY PERMIT ISSUED TO STABILIZE THE BREACHED SECTION.  PERMIT APP. IN 2008 TO REBUILD DAM.,-1
Non-Failure,-1,-1,-1,-1,-1,-1,-1,-1
Non-Failure,-1,-1,-1,-1,-1,-1,-1,-1
Non-Failure,-1,-1,-1,-1,-1,-1,Owner added toe drain and interior clay liner,-1
Non-Failure,-1,-1,-1,-1,-1,-1,-1,-1
Failure,125,-1,-1,1084,-1,over $100 million,-1,-1
Failure,-1,-1,-1,-1,Roads,-1,-1,-1
Failure,-1,-1,-1,-1,Roads,-1,-1,-1
Non-Failure,0,0,-1,-1,-1,-1,WATER LEVEL WAS 9 FT ABOVE OUTLET PIPE.  CITY RENTED PUMP TO DRAW DOWN WATER & CLEAR TRASH RACK.,-1
Non-Failure,-1,200,-1,0,-1,-1,-1,0
Non-Failure,-1,0,-1,0,Unknown,Unknown,-1,-1
Non-Failure,-1,0,-1,-1,-1,-1,-1,-1
Non-Failure,0,0,0,0,-1,-1,ODSP staff made site visits to assist owner with construction of weighted filter berm at the outlet and excavation of partial breach though the emergency spillway since there was no lake drain to lower the water level. A Chief's Order issued to breach the dam. The dam owner fully breached the dam by the end of the year.,-1
Non-Failure,-1,0,-1,0,-1,-1,-1,0
Non-Failure,-1,-1,-1,-1,-1,-1,-1,-1
Non-Failure,-1,-1,-1,-1,-1,-1,-1,-1
Non-Failure,-1,-1,-1,-1,-1,-1,-1,-1
Non-Failure,-1,-1,-1,-1,-1,-1,-1,-1
Non-Failure,-1,-1,-1,-1,-1,-1,-1,-1
Non-Failure,-1,-1,-1,-1,-1,-1,-1,-1
Non-Failure,-1,-1,-1,-1,-1,-1,-1,-1
Non-Failure,-1,-1,-1,-1,-1,-1,-1,-1
Non-Failure,-1,0,0,0,unknown,Unknown,"TCEQ inspected, SWCD lowered reservoir and monitored slide",-1
Non-Failure,-1,0,0,0,unknown,Unknown,"owner contacted TCEQ that the spillway had failed and the reservoir was not holding water, TCEQ inspected",-1
Non-Failure,-1,-1,-1,-1,-1,-1,-1,-1
Failure,-1,-1,-1,-1,-1,-1,-1,-1
Non-Failure,-1,200,-1,0,Roads,-1,-1,0
Non-Failure,0,-1,-1,-1,-1,-1,-1,-1
Non-Failure,0,-1,-1,-1,-1,-1,-1,-1
Non-Failure,-1,-1,-1,-1,-1,-1,-1,-1
Failure,0,-1,-1,-1,-1,-1,-1,-1
Failure,-1,-1,-1,-1,-1,-1,-1,-1
Failure,33,-1,-1,-1,-1,$50 million to $100 million,-1,-1
Non-Failure,-1,Unknown,Unknown,Unknown,Unknown,Unknown,Road over dam closed and temporary repairs done quickly. Lake drain then opened to keep lake low.,-1
Non-Failure,-1,0,0,0,-1,"$1 to $100,000",-1,-1
Failure,-1,-1,-1,-1,-1,-1,-1,-1
Non-Failure,-1,0,-1,0,-1,-1,-1,-1
Non-Failure,0,0,0,0,-1,-1,-1,-1
Non-Failure,-1,0,-1,0,-1,-1,-1,100
Non-Failure,0,0,-1,-1,-1,-1,EMERGENCY PERMIT TO REPAIR EMBANKMENT WITH SPECIAL CONDITON TO SUBMIT APP FOR REHABILITATION.,-1
Non-Failure,-1,-1,-1,-1,-1,-1,-1,-1
Failure,-1,-1,-1,-1,-1,-1,-1,-1
Non-Failure,-1,0,-1,0,-1,-1,-1,1100
Failure,-1,0,-1,0,-1,-1,-1,112
Non-Failure,-1,-1,-1,-1,-1,-1,-1,-1
Non-Failure,-1,-1,-1,-1,"Other,recreational lake",-1,-1,-1
Failure,-1,0,-1,-1,Roads,-1,-1,0
Failure,-1,0,-1,-1,-1,-1,-1,100
Non-Failure,-1,-1,-1,-1,-1,-1,-1,-1
Non-Failure,-1,0,0,0,-1,"$1 to $100,000",-1,-1
Failure,-1,0,-1,-1,-1,-1,-1,-1
Non-Failure,-1,0,-1,0,-1,-1,-1,-1
Non-Failure,-1,0,-1,-1,-1,-1,-1,-1
Non-Failure,-1,-1,-1,-1,-1,-1,-1,-1
Non-Failure,-1,0,0,0,-1,Unknown,"NRCS inspected, sandbag dike set up around the boils, county EMC notified, siphons used to help lower reservoir, contractor monitored",-1
Non-Failure,-1,-1,-1,-1,-1,-1,-1,-1
Failure,-1,0,-1,-1,Unknown,unknown,-1,132
Non-Failure,unknown,Unknown,Unknown,-1,-1,-1,-1,-1
Non-Failure,-1,-1,-1,-1,-1,-1,-1,-1
Non-Failure,-1,-1,-1,-1,-1,-1,-1,-1
Non-Failure,0,0,0,0,-1,-1,-1,-1
Failure,0,-1,-1,-1,-1,-1,-1,-1
Failure,0,Unknown,Unknown,0,-1,-1,"A stage III was called VDEM, NWS, VDOT and Westmoreland and Richmond County Emergency Management were notified along with DCR. ",-1
Non-Failure,unknown,Unknown,Unknown,-1,-1,-1,-1,-1
Non-Failure,0,-1,-1,-1,-1,-1,Lake water was released through the internal pipe in the dam to the downstream and lake level was lowered. The dam didn't break. Fairfax County opened the low level drain and drained the lake to remove the hazard.,-1
Non-Failure,-1,-1,-1,-1,-1,-1,-1,-1
Failure,0,0,0,0,Roads,Unknown,-1,500
Failure,-1,-1,-1,-1,-1,-1,-1,-1
Non-Failure,-1,-1,-1,-1,-1,-1,-1,-1
Non-Failure,0,0,0,0,Roads,-1,"The State issued an Emergency Order to require the dam owner immediately lower water level under direction of a licensed Professional Engineer, submit a detailed investigation by a licensed Professional Engineer, and submit a Plan of Action for the repair",-1
Non-Failure,-1,-1,-1,-1,-1,-1,-1,-1
Failure,0,0,0,0,-1,$1 million to $5 million,-1,25000
Non-Failure,-1,Unknown,Unknown,Unknown,-1,Unknown,"Program required lake lowered 2' below NP and affected area taped off.  3"" pumps were employed.",-1
Non-Failure,-1,0,0,0,Other,Unknown,-1,-1
Non-Failure,-1,-1,-1,-1,-1,-1,-1,-1
Failure,-1,-1,-1,-1,-1,-1,-1,-1
Non-Failure,-1,-1,-1,-1,-1,-1,-1,-1
Failure,0,0,0,0,Unknown,Unknown,-1,21
Non-Failure,0,0,0,0,-1,Unknown,Siphon installed and pool restricted until repairs,-1
Non-Failure,-1,0,-1,0,-1,-1,-1,-1
Non-Failure,-1,-1,-1,-1,-1,-1,-1,-1
Non-Failure,-1,-1,-1,-1,-1,-1,-1,-1
Non-Failure,-1,-1,-1,-1,-1,-1,-1,-1
Non-Failure,-1,-1,-1,-1,-1,-1,-1,-1
Failure,-1,0,Unknown,Unknown,Other,$1 million to $5 million,RECONSTRUCTED IN 1905 AS CONCRETE GRAVITY DAM,-1
Failure,1,0,0,0,Roads,-1,REPAIRED BREACH AND RAISED EARTHFILL ABUTMENTS,-1
Non-Failure,-1,-1,-1,-1,-1,-1,-1,-1
Failure,0,0,0,0,Unknown,Unknown,-1,-1
Non-Failure,-1,-1,-1,-1,-1,-1,-1,-1
Non-Failure,0,0,0,0,-1,-1,-1,-1
Non-Failure,0,-1,-1,-1,-1,-1,-1,-1
Failure,-1,0,-1,0,-1,-1,-1,-1
Non-Failure,-1,-1,-1,-1,-1,-1,-1,-1
Failure,1,-1,-1,-1,-1,-1,-1,-1
Non-Failure,-1,0,0,0,-1,Unknown,Dam inspector inspected. Owners hired engineer firm to draft repair plans.,-1
Non-Failure,-1,-1,-1,-1,-1,-1,-1,-1
Non-Failure,0,-1,-1,-1,-1,-1,-1,-1
Failure,0,0,0,0,-1,$50 million to $100 million,Temp water supply pipes & pumps.  Cofferdam across canal.  Installed bulkheads upstream of headgates.,-1
Non-Failure,-1,0,0,0,-1,Unknown,"NRCS inspected, put up flags to monitor the erosion, on-site contractor for TX03358 monitored",-1
Non-Failure,-1,0,-1,0,-1,-1,-1,-1
Non-Failure,-1,-1,-1,-1,-1,-1,-1,-1
Non-Failure,-1,-1,-1,-1,-1,-1,-1,-1
Failure,0,0,0,0,0,0,-1,50
Non-Failure,-1,-1,-1,-1,-1,-1,EAP activated for the first time in 60 years of operation since reservoir level couldn't be controlled.,-1
Non-Failure,0,0,-1,-1,-1,-1,DEP INSTRUCTED OWNER TO BEGIN DRAWDOWN & COVER INFLOW AREA ON U/S FACE WITH RUBBER SHEETING.,-1
Failure,-1,-1,-1,-1,-1,-1,-1,-1
Failure,0,0,0,0,"Bridges, Roads",-1,-1,-1
Failure,0,0,0,0,"Bridges, Roads",-1,-1,-1
Failure,0,0,0,0,"Bridges, Roads",-1,-1,-1
Non-Failure,0,0,0,0,-1,-1,-1,-1
Non-Failure,0,0,0,0,-1,-1,-1,-1
Failure,0,0,0,0,-1,-1,-1,-1
Failure,-1,-1,-1,-1,-1,-1,-1,-1
Failure,-1,0,-1,0,-1,-1,-1,35
Failure,0,-1,-1,-1,-1,-1,-1,-1
Failure,-1,-1,-1,-1,-1,-1,-1,-1
Non-Failure,-1,0,0,0,-1,-1,-1,-1
Non-Failure,-1,-1,-1,-1,-1,-1,-1,-1
Failure,0,0,0,0,-1,-1,-1,-1
Failure,0,0,0,0,-1,-1,-1,-1
Failure,0,0,0,0,Roads,-1,State Dam Safety Program performed a full inspection following the breach of this dam.  The inspection report will contain a requirement that the Owner hire an engineer and submit either a permit application for repair or removal of the dam.,-1
Failure,0,0,0,0,-1,-1,-1,-1
Failure,-1,-1,-1,-1,-1,-1,-1,-1
Non-Failure,-1,0,-1,0,-1,-1,-1,0
Non-Failure,-1,0,-1,0,-1,"$100,000 to $500,000",-1,0
Non-Failure,-1,-1,-1,-1,-1,-1,-1,-1
Failure,0,0,0,0,Roads,-1,-1,-1
Failure,0,0,0,Unknown,Roads,-1,-1,-1
Failure,0,0,0,0,-1,-1,State Dam Safety Program performed a full inspection following the breach of this dam.  The inspection report will contain a requirement that the Owner hire an engineer and submit either a permit application for repair or removal of the dam.,-1
Failure,-1,-1,-1,-1,-1,-1,-1,-1
Non-Failure,-1,-1,-1,-1,-1,-1,-1,-1
Failure,-1,-1,-1,-1,Roads,-1,-1,-1
Non-Failure,-1,-1,-1,-1,-1,-1,-1,-1
Non-Failure,-1,-1,-1,-1,-1,-1,-1,-1
Non-Failure,-1,-1,-1,-1,-1,-1,-1,-1
Non-Failure,-1,-1,-1,-1,-1,-1,-1,-1
Non-Failure,-1,-1,-1,-1,-1,-1,-1,-1
Non-Failure,-1,-1,-1,-1,-1,-1,-1,-1
Non-Failure,-1,0,-1,0,-1,none,-1,0
Non-Failure,-1,-1,-1,-1,-1,-1,-1,-1
Failure,-1,-1,-1,-1,-1,-1,-1,-1
Failure,-1,0,-1,-1,Unknown,unknown,-1,400
Failure,-1,-1,-1,-1,-1,-1,-1,-1
Failure,0,0,0,0,-1,"$1 to $100,000",-1,27
Non-Failure,-1,-1,-1,-1,-1,-1,-1,-1
Failure,0,0,0,0,Bridges,-1,-1,175
Failure,-1,-1,-1,-1,-1,-1,-1,83
Non-Failure,0,-1,-1,-1,-1,-1,-1,-1
Non-Failure,-1,-1,-1,-1,-1,-1,-1,-1
Non-Failure,-1,0,0,0,Other,-1,-1,-1
Failure,0,0,0,0,Roads,-1,State Dam Safety Program performed a full inspection following the breach of this dam.  The inspection report will contain a requirement that the Owner hire an engineer and submit either a permit application for repair or removal of the dam.,-1
Non-Failure,-1,-1,-1,-1,-1,-1,-1,-1
Non-Failure,0,-1,-1,-1,-1,-1,-1,-1
Non-Failure,-1,0,0,0,Other,-1,-1,-1
Failure,-1,-1,-1,-1,-1,-1,-1,-1
Failure,-1,-1,-1,-1,-1,-1,-1,-1
Non-Failure,-1,0,-1,0,-1,-1,-1,-1
Non-Failure,-1,-1,-1,-1,-1,-1,-1,-1
Non-Failure,0,-1,0,0,-1,-1,-1,-1
Non-Failure,-1,-1,-1,-1,-1,-1,-1,-1
Non-Failure,-1,-1,-1,-1,-1,-1,-1,-1
Non-Failure,-1,-1,-1,-1,-1,-1,-1,-1
Non-Failure,-1,-1,-1,-1,-1,-1,-1,-1
Non-Failure,-1,-1,-1,-1,-1,-1,-1,-1
Non-Failure,-1,-1,-1,-1,-1,-1,-1,-1
Non-Failure,-1,-1,-1,-1,-1,-1,-1,-1
Non-Failure,-1,-1,-1,-1,-1,-1,-1,-1
Non-Failure,-1,-1,-1,-1,-1,-1,-1,-1
Non-Failure,-1,-1,-1,-1,-1,-1,-1,-1
Non-Failure,0,0,0,0,-1,-1,"The State issued an Emergency Order to require the dam owner immediately lower water level under direction of a licensed Professional Engineer, submit a detailed investigation by a licensed Professional Engineer, and submit a Plan of Action for the repair",-1
Failure,0,0,0,0,-1,-1,"BREACHING OF THE DAM WAS COMPLETED ON SEPT 17, 2014",-1
Non-Failure,0,0,0,0,-1,-1,-1,-1
Failure,0,-1,0,-1,-1,"$100,000 to $500,000",-1,-1
Non-Failure,-1,0,-1,-1,-1,-1,-1,0
Failure,-1,-1,-1,-1,-1,-1,-1,-1
Non-Failure,0,0,0,0,-1,-1,-1,-1
Non-Failure,-1,-1,-1,-1,-1,-1,-1,-1
Failure,0,0,0,0,-1,"$1 to $100,000",-1,86
Failure,-1,-1,-1,-1,-1,-1,-1,-1
Non-Failure,-1,-1,-1,-1,-1,-1,-1,-1
Non-Failure,-1,-1,-1,-1,-1,-1,-1,-1
Non-Failure,0,0,0,0,-1,-1,-1,-1
Non-Failure,unknown,Unknown,Unknown,-1,-1,-1,-1,-1
Non-Failure,-1,0,-1,0,-1,none,-1,0
Failure,0,0,0,0,Roads,"$1 to $100,000",-1,2
Failure,-1,-1,-1,-1,-1,-1,-1,-1
Non-Failure,-1,0,-1,0,"Roads, Water Supply",-1,-1,-1
Non-Failure,-1,0,0,0,Roads,Unknown,-1,-1
Non-Failure,-1,-1,-1,-1,-1,-1,-1,-1
Failure,-1,-1,-1,-1,-1,-1,-1,-1
Failure,0,0,0,0,Roads,"$1 to $100,000",-1,376
Non-Failure,-1,0,-1,-1,-1,-1,-1,-1
Non-Failure,-1,0,-1,0,Roads,-1,-1,-1
Non-Failure,0,0,0,0,0,0,-1,-1
Non-Failure,-1,-1,-1,-1,-1,-1,-1,-1
Failure,-1,-1,-1,-1,-1,$1 million to $5 million,-1,-1
Non-Failure,0,0,-1,-1,-1,-1,THE RESERVOIR WAS DRAINED.  FUNDING AND RECONSTRUCTION THE DAM TOOK 8 YEARS,-1
Non-Failure,-1,-1,-1,-1,-1,-1,-1,-1
Non-Failure,-1,-1,-1,-1,-1,-1,-1,-1
Non-Failure,0,0,0,0,-1,-1,-1,-1
Failure,-1,-1,-1,-1,-1,-1,-1,-1
Non-Failure,-1,-1,-1,-1,-1,-1,-1,-1
Non-Failure,-1,-1,-1,-1,-1,-1,-1,-1
Non-Failure,0,0,0,0,-1,-1,-1,-1
Non-Failure,0,unknown,unknown,unknown,Roads,-1,Owner increased monitoring of the dam and secondary spillway until water levels dropped. East campground and boat ramp was temporarily closed and assistance was provided to get groceries to any stranded campers.,-1
Non-Failure,0,0,0,0,0,0,-1,-1
Failure,0,0,0,0,-1,"$1 to $100,000",-1,130
Failure,7,-1,-1,-1,-1,-1,-1,-1
Non-Failure,0,0,0,0,-1,-1,-1,-1
Non-Failure,0,0,0,0,-1,Unknown,owner was onsite during high flow event and monitored the situation.  Did not activate the EAP.,-1
Failure,1,0,0,2,"Roads, Railroad","$100,000 to $500,000",ODSP did not hear about this dam until after the fact. The dam was not inventoried and therefore not inspected by our program. Staff inspected the breached dam and surveyed the damage downstream. A letter was sent to the owner indicating that if the dam were to be reconstructed that a construction permit from our office would be required.,28.6
Failure,-1,0,-1,0,-1,-1,-1,-1
Failure,0,10000,3000,3000,Dams Downstream,over $100 million,See IFT Report,66200
Non-Failure,0,-1,-1,-1,-1,-1,-1,-1
Non-Failure,0,0,0,0,-1,-1,"The State issued an Emergency Order to require the dam owner immediately lower water level under direction of a licensed Professional Engineer, submit a detailed investigation by a licensed Professional Engineer, and submit a Plan of Action for the repair",-1
Non-Failure,0,0,0,0,-1,-1,"Public alert and meetings.  Local and State EM staff engaged. Twice weekly recons by small aircraft/helicopters. Installed remote monitoring, re-shaped and armoroed crest, reapired low level outlet.",-1
Failure,0,0,-1,-1,-1,-1,EMERGENCY PERMIT WAS ISSUED TO STABILIZE THE BREACH SECTION.,150
Failure,1,-1,-1,-1,-1,-1,-1,-1
Failure,0,-1,-1,-1,-1,-1,-1,-1
Non-Failure,-1,-1,-1,-1,-1,-1,-1,-1
Non-Failure,-1,-1,-1,-1,-1,-1,-1,-1
Non-Failure,-1,-1,-1,-1,-1,-1,-1,-1
Non-Failure,-1,-1,-1,-1,-1,-1,-1,-1
Non-Failure,-1,0,-1,0,-1,none,-1,0
Non-Failure,-1,0,0,0,-1,Unknown,Owner constructed an emergency cofferdam to prevent further loss of water,-1
Failure,-1,-1,-1,-1,-1,-1,-1,-1
Non-Failure,-1,-1,-1,-1,-1,-1,-1,-1
Non-Failure,-1,-1,-1,-1,-1,-1,-1,-1
Non-Failure,-1,-1,-1,-1,-1,-1,-1,-1
Non-Failure,-1,-1,-1,-1,-1,-1,-1,-1
Non-Failure,-1,-1,-1,-1,-1,-1,-1,-1
Non-Failure,-1,-1,-1,-1,-1,-1,-1,-1
Non-Failure,0,Unknown,Unknown,Unknown,-1,-1,-1,-1
Non-Failure,-1,0,0,0,-1,-1,-1,-1
Failure,0,0,0,0,-1,"$1 to $100,000",-1,-1
Failure,-1,-1,-1,-1,-1,-1,-1,-1
Failure,-1,-1,-1,-1,-1,-1,-1,-1
Non-Failure,-1,0,0,0,-1,-1,The sink hole did not appear to be changing so temporary patch was performed. With a permanent repair done in the fall. temporarily placed gravel in hole. Then camera old drain. Then abandoned and repair new drain,-1
Non-Failure,0,0,0,0,-1,-1,-1,-1
Non-Failure,-1,-1,-1,-1,-1,-1,-1,-1
Failure,-1,0,-1,0,-1,-1,-1,750
Non-Failure,-1,Unknown,Unknown,Unknown,Unknown,Unknown,Program visited site.,-1
Failure,-1,-1,-1,-1,-1,-1,-1,-1
Failure,0,0,0,0,-1,-1,-1,-1
Non-Failure,0,0,-1,-1,-1,-1,-1,-1
Non-Failure,unknown,Unknown,Unknown,-1,-1,-1,-1,-1
Failure,-1,-1,-1,-1,-1,-1,-1,-1
Non-Failure,-1,-1,-1,-1,-1,-1,-1,-1
Non-Failure,-1,-1,-1,-1,-1,-1,-1,-1
Non-Failure,-1,0,-1,0,-1,-1,-1,0
Non-Failure,0,0,-1,-1,-1,-1,FULL DRAWDOWN ORDERED UNTIL REPAIRS COMPLETED.  SPILLWAY RECONSTRUCTION COMPLETED IN 2012.,-1
Failure,-1,-1,-1,-1,-1,-1,-1,-1
Failure,-1,0,-1,0,-1,-1,-1,65
Non-Failure,0,0,0,0,-1,-1,"The State issued an Emergency Order to require the dam owner immediately lower water level under direction of a licensed Professional Engineer, submit a detailed investigation by a licensed Professional Engineer, and submit a Plan of Action for the repair",-1
Failure,-1,-1,-1,-1,-1,-1,-1,-1
Failure,-1,-1,-1,-1,-1,-1,-1,-1
Non-Failure,0,0,0,0,-1,-1,-1,-1
Non-Failure,-1,0,0,0,-1,-1,Owners reduced lake level with siphons until repair was made.,-1
Failure,-1,-1,-1,-1,-1,-1,-1,-1
Non-Failure,-1,-1,-1,-1,-1,-1,-1,-1
Failure,0,0,1,0,NONE,Unknown,"THE DAM WAS BREACHED AND REBUILT UPSTREAM, CREATING A SMALLER LAKE.",-1
Non-Failure,0,-1,-1,-1,-1,-1,-1,-1
Non-Failure,-1,-1,-1,-1,-1,-1,-1,-1
Non-Failure,0,-1,-1,-1,-1,-1,-1,-1
Failure,0,0,0,0,-1,"$1 to $100,000",-1,-1
Failure,0,0,0,0,-1,-1,-1,-1
Failure,0,0,0,0,-1,-1,-1,-1
Failure,0,0,0,0,-1,-1,-1,-1
Non-Failure,0,0,0,0,0,0,-1,-1
Non-Failure,-1,-1,Unknown,0,Other,-1,The engineers opened the large outlet works full open lowering the reservoir 4 feet per day. This was the only thing that saved the dam from failing,-1
Non-Failure,-1,0,0,0,-1,Unknown,"Counseled owner on-site to maintain lowered impoundment, LOD to be issued.",-1
Non-Failure,-1,32,-1,-1,-1,-1,-1,30
Failure,0,0,0,0,-1,"$500,000 to $1 million",-1,-1
Non-Failure,-1,-1,-1,-1,-1,-1,-1,-1
Non-Failure,0,0,0,0,-1,Unknown,Dam was sandbagged until waters receeded,-1
Failure,0,-1,-1,-1,-1,-1,-1,-1
Failure,-1,-1,-1,-1,-1,-1,-1,-1
Non-Failure,-1,Unknown,Unknown,Unknown,Unknown,Unknown,Program visited site. Minimal erosion damage was noted.,-1
Non-Failure,-1,0,-1,0,-1,none,-1,0
Non-Failure,0,0,0,0,-1,"$1 to $100,000",Owner and engineer completed emergency repairs.,-1
Non-Failure,-1,0,-1,0,-1,-1,-1,-1
Non-Failure,-1,0,-1,0,-1,-1,-1,-1
Failure,0,0,0,0,-1,"$1 to $100,000",-1,24
Non-Failure,unknown,unknown,unknown,-1,-1,-1,-1,-1
Non-Failure,-1,-1,-1,-1,-1,-1,-1,-1
Non-Failure,-1,-1,-1,-1,-1,-1,-1,-1
Failure,0,0,0,0,-1,-1,-1,-1
Non-Failure,unknown,Unknown,Unknown,-1,-1,-1,-1,-1
Failure,-1,-1,-1,-1,-1,-1,-1,-1
Non-Failure,0,-1,-1,-1,-1,-1,-1,-1
Non-Failure,-1,0,-1,0,-1,-1,-1,0
Failure,-1,-1,-1,-1,-1,-1,-1,-1
Non-Failure,0,-1,-1,-1,-1,-1,-1,-1
Non-Failure,-1,-1,-1,-1,-1,-1,-1,-1
Non-Failure,-1,-1,-1,-1,-1,-1,-1,-1
Non-Failure,-1,-1,-1,-1,-1,-1,-1,-1
Failure,0,0,0,1,Roads,"$1 to $100,000",-1,64
Failure,-1,0,-1,0,-1,-1,-1,-1
Failure,-1,-1,-1,-1,-1,-1,-1,-1
Non-Failure,-1,-1,-1,-1,-1,-1,-1,-1
Failure,0,0,-1,-1,-1,-1,EMERGENCY PERMIT WAS ISSUED TO STABILIZE THE PARTIAL BREACH SECTION.,-1
Failure,0,0,-1,-1,-1,-1,-1,39
Non-Failure,-1,0,0,0,-1,-1,Owner notified Emergency Management and DNR that they were monitoring.,-1
Non-Failure,-1,0,-1,-1,-1,-1,-1,-1
Failure,-1,0,-1,0,-1,-1,-1,28
Non-Failure,0,-1,-1,-1,-1,-1,-1,-1
Non-Failure,-1,0,-1,-1,-1,-1,-1,-1
Non-Failure,-1,0,-1,0,-1,NONE,-1,-1
Non-Failure,0,0,0,0,-1,-1,EMERGENCY DRAWDOWN OF THE IMPOUNDMENT RECOMMENDED BY DEP DAM SAFETY.,-1
Non-Failure,-1,-1,-1,-1,-1,-1,-1,-1
Non-Failure,-1,-1,-1,-1,-1,-1,-1,-1
Failure,-1,0,-1,0,Roads,-1,-1,142
Failure,0,0,0,0,Roads,-1,-1,-1
Non-Failure,-1,-1,-1,-1,-1,-1,-1,-1
Failure,0,Unknown,Unknown,Unknown,Unknown,Unknown,Facility had an engineer come out for cost estimate to repair and will have more come out.,-1
Non-Failure,-1,-1,-1,-1,-1,-1,-1,-1
Failure,-1,-1,-1,-1,-1,-1,-1,-1
Failure,-1,-1,-1,-1,-1,-1,-1,-1
Non-Failure,-1,-1,-1,-1,"Other,recreational lake",Unknown,-1,-1
Non-Failure,0,-1,-1,-1,-1,-1,-1,-1
Failure,0,-1,-1,-1,-1,-1,DAM RECONSTRUCTED W/ IMPERVIOUS MATERIAL & MASONRY FACING ON U/S SLOPE,500
Failure,-1,-1,-1,-1,-1,-1,-1,-1
Non-Failure,-1,-1,-1,-1,-1,-1,An unsuccessful attempt to fill the voids under the spillway was made.  A replacement spillway design is being expedited.,-1
Non-Failure,-1,-1,-1,-1,-1,-1,Owner immediately started pumping the lake down with a 6 inch pump,-1
Non-Failure,-1,-1,-1,-1,-1,-1,-1,-1
Non-Failure,-1,-1,-1,-1,-1,-1,-1,-1
Failure,-1,-1,-1,-1,-1,"$100,000 to $500,000",-1,-1
Non-Failure,-1,-1,-1,-1,-1,-1,-1,-1
Non-Failure,-1,-1,-1,-1,-1,-1,-1,-1
Failure,-1,-1,-1,-1,-1,$1 million to $5 million,-1,-1
Non-Failure,-1,-1,-1,-1,-1,-1,-1,-1
Failure,0,0,0,0,-1,-1,-1,-1
Failure,-1,-1,-1,-1,-1,-1,-1,-1
Non-Failure,0,0,0,0,0,0,MDEQ ER team brought in contractors to lower lake level and do a controlled breach of dam.,-1
Non-Failure,-1,-1,-1,-1,-1,-1,-1,-1
Failure,0,0,0,0,-1,-1,-1,-1
Non-Failure,-1,-1,-1,-1,-1,-1,-1,-1
Failure,-1,-1,-1,-1,-1,-1,-1,-1
Failure,0,0,0,0,Unknown,Unknown,-1,16
Non-Failure,0,0,0,0,-1,-1,Riprap placed on west side of the structure to stop erosion.,-1
Non-Failure,-1,-1,-1,-1,-1,-1,-1,-1
Non-Failure,-1,0,-1,0,-1,-1,-1,0
Failure,-1,-1,-1,-1,-1,-1,-1,-1
Non-Failure,-1,-1,-1,-1,-1,-1,-1,-1
Failure,-1,1500,-1,-1,-1,-1,-1,-1
Failure,0,-1,-1,-1,-1,-1,-1,-1
Non-Failure,-1,-1,-1,-1,-1,-1,-1,-1
Failure,-1,-1,-1,-1,-1,-1,-1,-1
Failure,0,0,0,0,-1,-1,-1,-1
Non-Failure,-1,-1,20,0,"Bridges, Roads","$1 to $100,000",Bridges/roads were closed during evacuation period.,-1
Non-Failure,-1,Unknown,Unknown,Unknown,Unknown,Unknown,Consultant was hired fairly quickly and called the Program. Consultant inspected the dam on 5/1/19.,-1
Failure,0,-1,-1,-1,-1,-1,-1,-1
Non-Failure,-1,-1,-1,-1,-1,-1,-1,-1
Non-Failure,-1,0,-1,0,-1,-1,-1,0
Failure,0,20,0,0,Roads,"$1 to $100,000",-1,-1
Non-Failure,-1,-1,-1,-1,Roads,-1,-1,-1
Non-Failure,-1,0,0,0,-1,Unknown,Emergency repairs consisted of placing rip rap and concrete in the eroded areas,-1
Non-Failure,-1,4,-1,0,-1,-1,-1,-1
Non-Failure,-1,-1,-1,-1,-1,-1,-1,-1
Non-Failure,-1,0,-1,-1,-1,-1,-1,-1
Failure,-1,0,-1,0,-1,-1,-1,-1
Failure,-1,-1,-1,-1,-1,-1,-1,-1
Non-Failure,0,0,0,0,-1,-1,Inspection and monitoring as the reservoir level receeded.,-1
Non-Failure,-1,0,0,0,-1,Unknown,"Dam owner coordinated with ADNR to breach the dam, and it will be deregulated in 2023.",-1
Failure,-1,0,-1,0,-1,-1,-1,-1
Failure,0,-1,-1,-1,-1,Unknown,post failure site visit by owner staff,-1
Non-Failure,0,0,0,0,none,-1,-1,-1
Non-Failure,-1,0,-1,-1,-1,-1,-1,0
Failure,0,0,0,0,-1,-1,-1,-1
Non-Failure,-1,-1,-1,-1,-1,-1,-1,-1
Non-Failure,-1,-1,-1,-1,-1,-1,-1,-1
Non-Failure,-1,0,-1,0,-1,-1,-1,-1
Non-Failure,-1,-1,-1,-1,-1,-1,-1,-1
Non-Failure,0,0,0,0,0,0,HOA bringing in contractor to address repairs.,-1
Non-Failure,-1,-1,-1,-1,-1,-1,-1,-1
Failure,0,0,0,0,0,0,-1,165
Non-Failure,-1,-1,-1,-1,-1,-1,-1,-1
Non-Failure,-1,-1,-1,-1,-1,-1,-1,-1
Failure,0,0,0,0,-1,"$1 to $100,000",-1,-1
Non-Failure,0,0,0,0,-1,-1,-1,-1
Failure,-1,-1,-1,-1,-1,$1 million to $5 million,-1,-1
Non-Failure,-1,0,-1,0,-1,-1,-1,0
Non-Failure,-1,-1,-1,-1,-1,-1,-1,-1
Failure,-1,-1,-1,-1,-1,-1,-1,-1
Failure,0,0,-1,-1,-1,-1,AN EMERGENCY PERMIT WAS ISSUED TO REMOVE THE DAM.,-1
Failure,0,0,-1,-1,-1,-1,EMERGENCY PERMITS WERE ISSUED TO (1) STABILIZE DAMAGE AND (2) REMOVE THE DAM.,-1
Failure,-1,0,-1,0,Water/sewer lines,Unknown,-1,15
Non-Failure,-1,-1,-1,-1,-1,-1,-1,-1
Non-Failure,-1,-1,-1,-1,-1,-1,-1,-1
Non-Failure,-1,-1,-1,-1,-1,-1,-1,-1
Non-Failure,-1,-1,-1,-1,-1,-1,-1,-1
Non-Failure,-1,-1,-1,-1,-1,-1,-1,-1
Non-Failure,-1,-1,-1,-1,Roads,-1,-1,-1
Non-Failure,0,0,0,0,-1,-1,Owners lowered the reservior and maintained it at a lower level until the slope was remediated.,-1
Non-Failure,-1,0,0,0,-1,"$1 to $100,000",-1,-1
Failure,0,0,0,0,-1,-1,-1,"114,565 cubic feet of material; amount of water unknown"
Non-Failure,0,0,0,0,-1,-1,-1,-1
Non-Failure,-1,-1,-1,-1,-1,-1,-1,-1
Non-Failure,-1,0,0,0,-1,"$500,000 to $1 million","Notified State official and the on-call engineer right away. Started pumping the seepage collection pond, suspended plant operation and mobilized construction equipments to construct additional seepage berms and buttress to the dam embankment.",-1
Failure,0,0,0,0,-1,-1,-1,1.5
Failure,0,0,0,0,Roads,"$1 to $100,000",-1,220
Failure,0,0,0,0,"Bridges, Roads","$100,000 to $500,000",-1,200
Non-Failure,0,0,0,0,-1,-1,ODSP staff directed the dam owner to install siphons to lower the water level since there was not lake drain. Owner lowered the water level and has maintained it below the spillway elevation. They plan to replace the spillway pipe by the end of 2019.,-1
Non-Failure,0,-1,-1,-1,-1,-1,-1,-1
Non-Failure,-1,-1,-1,-1,-1,-1,-1,-1
Non-Failure,unknown,Unknown,Unknown,-1,-1,-1,-1,-1
Non-Failure,0,0,0,0,0,0,Directed owner to have conduit replaced.,-1
Failure,-1,0,-1,0,"Roads, Railroads",-1,-1,-1
Non-Failure,-1,-1,-1,-1,-1,-1,-1,-1
Failure,0,0,0,0,-1,"$1 to $100,000",-1,-1
Non-Failure,-1,-1,-1,-1,-1,-1,-1,-1
Non-Failure,0,0,0,0,-1,"$1 to $100,000",-1,-1
Non-Failure,-1,-1,-1,-1,-1,-1,-1,-1
Non-Failure,-1,-1,-1,-1,-1,-1,restrictred water level and observation,-1
Failure,0,0,0,0,0,0,-1,20
Non-Failure,0,0,0,0,0,0,"After contact with owner, beaver dams were cleared weeks after overtopping incident.",-1
Non-Failure,-1,-1,-1,-1,-1,-1,-1,-1
Failure,26,-1,-1,-1,-1,-1,-1,-1
Failure,0,0,0,0,-1,Unknown,-1,-1
Non-Failure,-1,-1,-1,-1,-1,-1,-1,-1
Non-Failure,0,0,0,0,-1,-1,-1,-1
Non-Failure,0,unknown,unknown,unknown,-1,-1,The county emergency manager notified residents downstream of the dam of the situation.  The owner used pumps to lower the water level and put a temporary berm across the conduit inlet.,-1
Non-Failure,0,0,0,0,0,0,-1,-1
Non-Failure,0,0,0,0,-1,-1,"Water levels at the dam as well as a downstream dam were lowered, and the seepage stopped.",-1
Failure,0,0,0,0,-1,-1,State Dam Safety Program performed a full inspection following the breach of this dam.  The inspection report will contain a requirement that the Owner hire an engineer and submit either a permit application for repair or removal of the dam.,-1
Non-Failure,-1,-1,-1,-1,-1,-1,-1,-1
Non-Failure,-1,-1,-1,-1,-1,-1,-1,-1
Failure,7,-1,-1,-1,-1,-1,-1,-1
Failure,-1,-1,-1,-1,-1,-1,-1,-1
Non-Failure,0,0,0,0,-1,-1,IN 1896 DAM WAS REBUILT JUST D/S OF OLD DAM WITH CONCRETE CORE WALL & FLATTER SLOPES.,-1
Non-Failure,-1,-1,-1,-1,-1,-1,-1,-1
Non-Failure,0,-1,-1,-1,-1,-1,-1,-1
Failure,39,-1,-1,-1,-1,$25 million to $50 million,-1,410
Failure,-1,-1,-1,-1,-1,-1,-1,-1
Non-Failure,-1,0,-1,-1,Roads,-1,-1,0
Non-Failure,-1,-1,-1,-1,-1,-1,-1,-1
Failure,0,0,0,0,Roads,-1,"REBUILT WITH MODIFICATIONS IN 1912, BREACHED DUE TO POOR CONDITION IN 1977.",250
Non-Failure,-1,-1,-1,-1,-1,-1,-1,-1
Failure,0,0,0,0,Other,"$100,000 to $500,000",-1,2216 AF
Failure,-1,-1,-1,-1,-1,over $100 million,-1,-1
Failure,0,"60 (not downstream, limited access)","25 (not downstream, limited access)",0,"Roads, Bridges, Power lines/gas pipelines",$1 million to $5 million,County Engineer assisted Township to get the road reopened but did not reestablish the dam and lake.,145.4
Non-Failure,0,0,0,0,0,0,-1,-1
Non-Failure,-1,0,-1,0,-1,-1,-1,-1
Failure,-1,-1,-1,-1,-1,-1,-1,-1
Non-Failure,-1,-1,-1,-1,-1,-1,-1,-1
Failure,-1,-1,-1,-1,-1,-1,-1,-1
Non-Failure,-1,-1,-1,-1,-1,-1,-1,-1
Non-Failure,-1,0,0,0,Unknown,Unknown,Reluctance to activate EAP,-1
Non-Failure,-1,Unknown,Unknown,Unknown,Roads,Unknown,-1,-1
Failure,-1,-1,-1,-1,-1,-1,-1,-1
Non-Failure,0,0,0,0,-1,-1,-1,-1
Non-Failure,0,0,0,0,0,0,-1,-1
Non-Failure,0,0,0,0,0,0,Slope failure area was cover with plastic sheeting and monitored until repairs could be completed.,-1
Non-Failure,-1,-1,-1,-1,-1,-1,-1,-1
Non-Failure,-1,-1,-1,-1,-1,-1,-1,-1
Non-Failure,-1,-1,-1,-1,-1,-1,-1,-1
Non-Failure,-1,-1,-1,-1,-1,-1,-1,-1
Non-Failure,0,-1,0,0,Roads,Unknown,-1,-1
Non-Failure,-1,-1,-1,-1,-1,-1,-1,-1
Non-Failure,0,unknown,unknown,unknown,-1,-1,"Downstream campground was closed for a period of time after the event, dam owner and county emergency manager contacted state dam safety staff on additional actions and monitoring needed, state dam safety staff inspected the dam five days after the event.",-1
Failure,-1,-1,-1,-1,-1,-1,-1,-1
Failure,0,0,0,0,-1,-1,State Dam Safety Program performed a full inspection following the breach of this dam.  The inspection report will contain a requirement that the Owner hire an engineer and submit either a permit application for repair or removal of the dam.,-1
Failure,-1,-1,-1,-1,-1,-1,-1,-1
Non-Failure,-1,-1,-1,-1,-1,-1,-1,-1
Non-Failure,-1,-1,-1,-1,-1,-1,-1,-1
Failure,-1,-1,-1,-1,-1,-1,-1,-1
Failure,-1,900,-1,1100,-1,-1,-1,9930
Failure,-1,-1,-1,-1,-1,-1,-1,-1
Non-Failure,-1,-1,-1,-1,-1,-1,-1,-1
Non-Failure,-1,-1,-1,-1,-1,-1,-1,-1
Non-Failure,-1,-1,-1,-1,-1,-1,-1,-1
Non-Failure,-1,-1,-1,-1,-1,-1,-1,-1
Non-Failure,-1,-1,-1,-1,-1,-1,-1,-1
Non-Failure,-1,-1,-1,-1,-1,-1,-1,-1
Non-Failure,0,-1,-1,-1,-1,-1,-1,-1
Non-Failure,-1,-1,-1,-1,-1,-1,-1,-1
Non-Failure,-1,Unknown,Unknown,Unknown,Roads,Unknown,-1,-1
Non-Failure,-1,0,0,0,Other,-1,-1,-1
Non-Failure,-1,Unknown,Unknown,Unknown,Unknown,Unknown,Local official asked Program for advice.,-1
Non-Failure,-1,-1,-1,-1,-1,-1,-1,-1
Non-Failure,-1,-1,-1,-1,-1,-1,-1,-1
Non-Failure,-1,-1,-1,-1,-1,-1,-1,-1
Non-Failure,-1,-1,-1,-1,-1,-1,-1,-1
Non-Failure,-1,-1,-1,-1,-1,-1,-1,-1
Non-Failure,-1,-1,-1,-1,-1,-1,-1,-1
Failure,-1,0,-1,0,Dams Downstream,-1,-1,276
Non-Failure,-1,-1,-1,-1,-1,-1,-1,-1
Non-Failure,-1,-1,-1,-1,-1,-1,-1,-1
Non-Failure,-1,-1,-1,-1,-1,-1,-1,-1
Failure,0,unknown,unknown,unknown,-1,-1,-1,-1
Failure,0,unknown,unknown,unknown,Roads,-1,"State dam safety staff did a site visit on Sept. 17, 2019 to document.",-1
Non-Failure,-1,0,-1,-1,-1,-1,-1,0
Non-Failure,0,0,0,0,-1,-1,-1,-1
Non-Failure,-1,0,-1,0,-1,-1,-1,0
Failure,0,-1,-1,-1,"Bridges, Roads",Unknown,"post failure site visit by staff from SD Dam Safety and owner staff, owner closed recreation area associated with the dam",-1
Non-Failure,-1,0,1,1,Other,-1,-1,-1
Non-Failure,-1,-1,-1,-1,-1,-1,-1,-1
Non-Failure,-1,-1,-1,-1,-1,-1,-1,-1
Non-Failure,-1,-1,-1,-1,-1,-1,-1,-1
Non-Failure,-1,-1,-1,-1,-1,-1,-1,-1
Non-Failure,-1,-1,-1,-1,-1,-1,-1,-1
Non-Failure,-1,0,0,0,-1,-1,Contractor place fill material back into excavation until a proper dewatering system is installed.,-1
Failure,0,-1,-1,-1,-1,-1,-1,-1
Non-Failure,-1,-1,-1,-1,-1,-1,-1,-1
Failure,-1,-1,-1,-1,-1,-1,-1,-1
Non-Failure,0,0,-1,-1,-1,-1,OWNER ISTRUCTED TO LOWER LAKE AT RATE OF 1 FT PER DAY.  LAKE MAINTAINED 10' BELOW NORMAL POOL.,-1
Non-Failure,-1,0,-1,-1,-1,-1,-1,-1
Non-Failure,-1,-1,-1,-1,-1,-1,-1,-1
Non-Failure,-1,0,0,0,unknown,Unknown,"Sandbags were placed, a trench was dug for lowering reservoir, concrete debris placed at erosion gully, TCEQ inspected",-1
Non-Failure,-1,-1,-1,-1,-1,-1,-1,-1
Non-Failure,-1,0,-1,0,-1,-1,-1,-1
Non-Failure,0,0,0,0,-1,-1,-1,-1
Non-Failure,-1,-1,-1,-1,Roads,-1,-1,-1
Non-Failure,-1,-1,-1,-1,-1,-1,-1,-1
Non-Failure,-1,-1,-1,-1,-1,-1,-1,-1
Non-Failure,-1,-1,-1,-1,-1,-1,-1,-1
Non-Failure,0,0,-1,-1,-1,-1,LAKE WAS DRAWN DOWN.  REPAIRS CONSISTED OF DRILLING HOLES IN THE SPILLWAY & FILLING VOIDS WITH GROUT.,-1
Non-Failure,-1,0,-1,0,Other,-1,-1,0
Non-Failure,-1,0,0,0,-1,-1,Contractor regraded slide area.,-1
Non-Failure,-1,-1,-1,-1,-1,-1,-1,-1
Failure,0,-1,5,0,-1,-1,5 homes evacuated,-1
Failure,0,Unknown,5,0,-1,-1,Five households were evacuated.  Road below dam was coned off and dam downstream was notified.,-1
Non-Failure,0,0,0,0,-1,-1,-1,-1
Non-Failure,-1,-1,-1,-1,-1,-1,-1,-1
Non-Failure,-1,-1,-1,-1,-1,-1,-1,-1
Non-Failure,-1,0,-1,0,Unknown,unknown,-1,-1
Failure,1,-1,-1,-1,-1,-1,-1,-1
Non-Failure,-1,-1,-1,-1,-1,-1,-1,-1
Non-Failure,0,0,0,0,-1,-1,-1,-1
Non-Failure,-1,0,-1,0,-1,-1,-1,-1
Non-Failure,-1,-1,-1,-1,-1,-1,-1,-1
Non-Failure,0,-1,-1,-1,-1,-1,REHAB AND LARGER SPILLWAY PROJECT WAS COMPLETED.  CONSTRUCTION CERTIFICATION REC'D IN 2015.,-1
Non-Failure,0,0,-1,-1,-1,-1,"OWNER DECIDED NOT TO REPAIR; A BREACH PLAN WAS SUBMITTED, APPROVED AND COMPLETED.",0
Non-Failure,0,-1,-1,-1,-1,-1,-1,-1
Failure,0,0,0,Unknown,Unknown,"$1 to $100,000",Owners reconstructed the cofferdam with a bypass spillway to prevent reoccurance.,400
Non-Failure,0,0,0,0,Roads,Unknown,EARLY WARNING OF EAP ACTIVATED,421
Non-Failure,-1,-1,-1,-1,-1,-1,-1,-1
Non-Failure,-1,Unknown,Unknown,Unknown,Unknown,Unknown,Program visited site.,-1
Non-Failure,-1,-1,-1,-1,-1,-1,-1,-1
Non-Failure,-1,0,-1,0,-1,none,-1,-1
Non-Failure,-1,0,-1,0,-1,-1,-1,-1
Failure,-1,0,-1,0,-1,-1,-1,-1
Non-Failure,0,0,-1,-1,-1,-1,STONE MASONRY DAM ON LARGE WATERSHED WAS CONSTRUCTED TO OVERTOP.  NO EVACUATIONS.,-1
Non-Failure,0,-1,-1,-1,-1,-1,-1,-1
Non-Failure,0,50,20,0,0,0,County and state used siphons to lower lake level until conduit was replaced.,-1
Failure,0,0,0,0,-1,"$100,000 to $500,000",County EMA monitored and noted no impacts downstream.,2000
Failure,0,0,0,0,Water/sewer lines,"$1 to $100,000",-1,2000
Non-Failure,0,-1,0,0,-1,-1,-1,0
Non-Failure,0,0,0,0,0,0,-1,-1
Non-Failure,-1,-1,-1,-1,-1,-1,-1,-1
Failure,-1,-1,-1,-1,-1,-1,-1,-1
Non-Failure,0,0,0,0,-1,-1,"Immediate response by dam owner, Division of Safety of Dams, and first responders.",-1
Non-Failure,0,0,-1,-1,-1,-1,A DAM REMOVAL PLAN HAD BEEN IN PROCESS.  AN EMERGENCY PERMIT WAS ISSUED TO BREACH.,-1
Non-Failure,-1,-1,-1,-1,-1,-1,-1,-1
Non-Failure,-1,0,-1,0,Roads,-1,-1,-1
Non-Failure,-1,-1,-1,-1,-1,-1,-1,-1
Failure,0,0,0,0,Other,"$1 to $100,000",Emergency repairs of breach. Dredging downstream harbor of sediments.,-1
Non-Failure,-1,-1,-1,-1,-1,-1,-1,-1
Failure,0,0,0,0,0,0,Owners/ EMA did not follow EAP.  MDEQ not notified till 2 weeks after.,115
Non-Failure,unknown,Unknown,Unknown,-1,-1,-1,-1,-1
Failure,0,0,0,0,-1,-1,State Dam Safety Program performed a full inspection following the breach of this dam.  The inspection report will contain a requirement that the Owner hire an engineer and submit either a permit application for repair or removal of the dam.,-1
Failure,0,-1,"NONE, BUT ROAD WAS CLOSED IN CASE EMERGENCY RELEASE OF WATER OCCURRED; DID CLOSE DOWNSTREAM ROAD AT THE TOE OF DAM",0,Roads,-1,-1,-1
Failure,-1,-1,-1,-1,-1,-1,-1,-1
Failure,0,0,0,0,0,0,-1,32
Non-Failure,0,-1,-1,-1,-1,-1,-1,-1
Non-Failure,-1,0,-1,0,-1,none,-1,0
Failure,-1,-1,-1,-1,-1,$1 million to $5 million,-1,-1
Failure,40,-1,-1,25,-1,$5 million to $10 million,-1,-1
Non-Failure,-1,-1,-1,-1,-1,-1,-1,-1
Non-Failure,0,0,0,-1,-1,-1,A BACKHOE INVESTIGATION FOUND MORE VOIDS.  DAM WAS BREACHED AND THE EMBANKMENT RECONSTRUCTED.,0
Failure,0,0,0,0,Roads,"$1 to $100,000",-1,700
Non-Failure,0,0,0,0,-1,Unknown,Pond was pumped down until embankment could be repaired.,-1
Failure,2,-1,-1,20,-1,-1,-1,-1
Non-Failure,-1,-1,-1,-1,-1,-1,-1,-1
Failure,0,0,0,0,-1,-1,-1,-1
Failure,0,0,0,0,-1,Unknown,"Owner notified Safe Dams staff hours after failure.  Failure was confined to spillway conduit, so impacts were limited.",50
Non-Failure,-1,0,0,-1,-1,-1,Owner notified Safe Dams staff the day after.  Notice of Violation issued and dam must remain breached until Engineer submits corretive action plan.,-1
Failure,-1,-1,-1,-1,-1,-1,-1,-1
Non-Failure,-1,0,-1,0,-1,-1,-1,-1
Failure,-1,0,-1,-1,-1,-1,-1,1
Non-Failure,-1,-1,-1,-1,-1,-1,-1,-1
Non-Failure,-1,-1,-1,-1,-1,-1,-1,-1
Failure,-1,-1,-1,-1,-1,-1,-1,-1
Non-Failure,-1,-1,-1,-1,-1,-1,-1,-1
Non-Failure,-1,-1,-1,-1,-1,-1,-1,-1
Non-Failure,-1,0,-1,0,-1,-1,-1,0
Non-Failure,0,0,0,0,Roads,Unknown,FAYETTE CO. EMERGENCY MGT. WAS NOTIFIED; CONES SET OUT TO CLOSE ROAD.,-1
Non-Failure,-1,0,-1,-1,-1,-1,-1,-1
Failure,0,0,0,0,-1,-1,-1,-1
-1,-1,-1,-1,-1,-1,-1,-1,-1
Non-Failure,0,-1,-1,-1,-1,-1,-1,-1
Non-Failure,-1,0,0,0,-1,"$1 to $100,000",-1,-1
Non-Failure,-1,-1,-1,-1,-1,-1,-1,-1
Failure,1,-1,-1,-1,-1,-1,-1,-1
Non-Failure,0,0,-1,-1,-1,-1,-1,-1
Non-Failure,-1,-1,-1,-1,-1,-1,Blockage removed same day,-1
Non-Failure,-1,-1,-1,-1,-1,-1,-1,-1
Non-Failure,-1,-1,-1,-1,-1,-1,-1,-1
Non-Failure,0,0,-1,-1,-1,-1,-1,-1
Failure,-1,-1,-1,-1,-1,-1,-1,-1
Non-Failure,0,0,-1,-1,-1,-1,-1,-1
Failure,0,-1,0,-1,-1,$1 million to $5 million,-1,-1
Non-Failure,-1,-1,-1,-1,-1,-1,-1,-1
Non-Failure,0,0,0,0,-1,$1 million to $5 million,EXTENSIVE SOIL TESTING AND REDESIGN OF THE REHABILITATION PROJECT.,-1
Failure,0,0,0,0,Roads,Unknown,-1,504
Non-Failure,0,0,0,0,-1,-1,-1,-1
Non-Failure,-1,0,0,0,-1,Unknown,Dam owner repaired the flashboards,-1
Failure,0,-1,0,-1,-1,$1 million to $5 million,-1,-1
Non-Failure,-1,0,-1,0,Water/sewer lines,-1,-1,-1
Non-Failure,-1,-1,-1,-1,-1,-1,-1,-1
Failure,-1,-1,-1,-1,-1,-1,-1,-1
Non-Failure,-1,0,-1,0,-1,-1,-1,0
Failure,-1,-1,-1,-1,-1,-1,-1,-1
Non-Failure,0,0,-1,-1,-1,-1,DEP INSPECTOR VISIT TO DAM ON THE NEXT MORNING CONFIRMED NO CHANGE IN PRE-EXISTING SEEPAGE.,-1
Non-Failure,0,0,-1,-1,-1,-1,"AN EMERGENCY PERMIT WAS ISSUED FOR THE REPAIRS, WHICH WERE TO BEGIN IN SEPTEMBER 2006.",-1
Non-Failure,-1,-1,-1,-1,-1,-1,-1,-1
Non-Failure,0,0,0,0,-1,-1,Immediate response by dam owner and Division of Safety of Dams. Spillway stoplogs have been removed and the reservoir restricted.,-1
Non-Failure,-1,-1,-1,-1,-1,-1,-1,-1
Non-Failure,-1,-1,-1,-1,-1,-1,-1,-1
Non-Failure,-1,-1,-1,-1,-1,-1,-1,-1
Non-Failure,-1,0,0,0,Water/sewer lines,Unknown,"owner contacted a PE to develop plans for repairs, TCEQ inspeced",-1
Non-Failure,-1,-1,-1,-1,-1,-1,-1,-1
Non-Failure,-1,0,0,0,-1,Unknown,"owner contacted a PE, who notified TCEQ of the damages; TCEQ inspected the dam",-1
Failure,-1,-1,-1,-1,-1,over $100 million,-1,-1
Non-Failure,0,0,0,0,-1,Unknown,-1,-1
Non-Failure,-1,0,0,0,-1,"$1 to $100,000",-1,-1
Non-Failure,0,0,-1,-1,-1,-1,OWNER DIRECTED TO LOWER LAKE AT 1 FT PER DAY & TO MONITOR SEEPAGE,-1
Non-Failure,0,0,-1,-1,-1,-1,OWNER ADVISED TO INITIATE DRAWDOWN. PROPOSED GROUT REPAIR PLAN DENIED.  DAM REMAINS DRAINED.,-1
Failure,-1,-1,-1,-1,-1,-1,-1,-1
Failure,30,-1,-1,-1,-1,-1,-1,-1
Non-Failure,-1,-1,-1,-1,-1,-1,-1,-1
Failure,0,0,0,0,Roads,"$1 to $100,000",-1,-1
Failure,9,-1,-1,-1,-1,-1,-1,-1
Failure,-1,-1,-1,-1,-1,-1,-1,-1
Non-Failure,-1,-1,-1,-1,-1,-1,-1,-1
Non-Failure,0,0,0,0,-1,-1,-1,-1
Failure,8,-1,-1,-1,-1,"$500,000 to $1 million",-1,-1
Failure,0,0,0,0,Unknown,Unknown,-1,12
Failure,-1,-1,-1,-1,-1,-1,-1,-1
Failure,-1,-1,-1,-1,-1,-1,-1,-1
Failure,0,0,0,0,-1,Unknown,-1,-1
Non-Failure,-1,0,-1,0,-1,-1,-1,-1
Non-Failure,-1,-1,-1,-1,-1,-1,-1,-1
Failure,0,Unknown,Unknown,0,-1,-1,-1,-1
Failure,0,UNKNOWN,UNKNOWN,UNKNOWN,Railroads,$1 million to $5 million,-1,11000
Non-Failure,-1,-1,-1,-1,-1,-1,-1,-1
Failure,-1,-1,-1,-1,-1,-1,-1,-1
Non-Failure,-1,0,-1,0,-1,NONE,-1,0
Failure,0,0,-1,-1,-1,-1,POOL DRAWN DOWN WITH PUMPS.  EMERGENCY PERMIT REPAIRS BY BORO USED CONCRETE BAGS & REBAR.,-1
Non-Failure,-1,0,0,0,-1,-1,-1,-1
Failure,0,0,0,0,-1,"$1 to $100,000",-1,-1
Non-Failure,-1,-1,-1,-1,-1,-1,-1,-1
Failure,-1,-1,-1,-1,-1,-1,-1,-1
Non-Failure,0,83,-1,-1,-1,-1,RIGHT SIDE OF SPILLWAY REPAIRED WITH CONCRETE WALL AND SPLASH PAD AS PER 2013 INSPECTION.,-1
Failure,0,0,0,0,-1,-1,-1,106
Failure,-1,-1,-1,-1,Roads,-1,-1,-1
Non-Failure,-1,0,-1,0,-1,unknown,-1,0
Non-Failure,unknown,Unknown,Unknown,-1,-1,-1,-1,-1
Failure,-1,-1,-1,-1,-1,"$100,000 to $500,000",-1,-1
Non-Failure,0,-1,0,0,Water/sewer lines,-1,-1,-1
Non-Failure,0,0,0,0,-1,-1,-1,-1
Non-Failure,-1,-1,-1,-1,-1,-1,-1,-1
Non-Failure,-1,0,0,0,-1,-1,Owner responded quickly upon noticing the cracked pipe and notified state and federal regulators.  A temporary repair was completed 12/28/22.,-1
Failure,0,0,0,0,-1,-1,State Dam Safety Program performed a full inspection following the breach of this dam.  The inspection report will contain a requirement that the Owner hire an engineer and submit either a permit application for repair or removal of the dam.,-1
Failure,-1,-1,-1,-1,-1,-1,-1,-1
Non-Failure,-1,0,-1,0,-1,-1,-1,-1
Non-Failure,0,0,0,0,-1,Unknown,Hamilton County notified Safe Dams 1 day after event.,-1
Non-Failure,-1,-1,-1,-1,-1,-1,-1,-1
Non-Failure,-1,-1,-1,-1,-1,-1,-1,-1
Non-Failure,-1,0,0,0,-1,"$100,000 to $500,000",DCR worked with Fluvanna County  and their contractors to dewater and decommission dam that possed an imminent failure risk. DCR reimbursed the locality for expenses and a legal demand for expenses was issued to the dam owner.,-1
Failure,0,-1,-1,-1,-1,-1,-1,-1
Failure,0,0,0,0,-1,-1,State Dam Safety Program performed a full inspection following the breach of this dam.  The inspection report will contain a requirement that the Owner hire an engineer and submit either a permit application for repair or removal of the dam.,-1
Non-Failure,-1,-1,-1,-1,-1,-1,-1,-1
Failure,0,0,0,Unknown,Unknown,Unknown,Unknown,-1
Non-Failure,-1,0,-1,0,-1,-1,-1,-1
Failure,0,0,0,0,Roads,-1,State Dam Safety Program performed a full inspection following the breach of this dam.  The inspection report will contain a requirement that the Owner hire an engineer and submit either a permit application for repair or removal of the dam.,-1
Non-Failure,-1,-1,-1,-1,-1,-1,-1,-1
Failure,-1,-1,-1,-1,-1,-1,-1,-1
Non-Failure,-1,0,0,0,-1,Unknown,Emergency oulet was initially installed. Corroded low-level outlet failed some time after resulting in pond loss.  Currently repair design is ongoing through consultant. Impoundment is lowered until repairs can be made.,-1
Non-Failure,-1,-1,-1,-1,-1,-1,-1,-1
Non-Failure,-1,-1,-1,-1,-1,-1,-1,-1
Failure,7,-1,-1,-1,-1,-1,-1,-1
Non-Failure,-1,0,0,0,-1,"$1 to $100,000",-1,-1
Non-Failure,0,0,0,0,-1,-1,Owner increased monitoring of the dam and secondary spillway until it was repaired in Fall of 2019.,-1
Failure,0,unknown,1,1,Other,-1,-1,-1
Non-Failure,0,0,0,0,-1,-1,Owner increased monitoring of the dam and secondary spillway until it was repaired in Fall of 2019.,-1
Non-Failure,-1,-1,-1,-1,-1,-1,-1,-1
Non-Failure,-1,-1,-1,-1,-1,-1,-1,-1
Non-Failure,-1,0,-1,-1,-1,-1,-1,-1
Failure,-1,-1,-1,-1,-1,-1,-1,-1
Failure,-1,0,-1,0,Roads,-1,-1,135
Non-Failure,0,-1,-1,-1,-1,-1,REMOVAL OF THE DAM IS SCHEDULED IN 2018,-1
Failure,-1,-1,-1,-1,-1,-1,-1,-1
Failure,-1,-1,-1,-1,-1,-1,-1,-1
Failure,139,-1,-1,-1,-1,-1,-1,-1
Failure,0,Unknown,Unknown,Unknown,Unknown,Unknown,"Dam owner did not notify the State agency of the leak at the downstream face.  State employee from the area heard about the incident and the State contacted the owner who confirmed the leak from the dam.  State agency was notified in the evening of July 25, 2021 of full breach of the dam.",990
Non-Failure,0,0,0,0,-1,-1,-1,-1
Non-Failure,0,0,-1,-1,-1,-1,FEDERAL DAM WITH NO STATE JURISDICTION.  OWNER NOTIFIED CAMPGROUND DOWNSTREAM.,-1
Non-Failure,0,0,0,0,-1,-1,"Increased monitoring of the spillway until water levels decreased, an in-depth spillway inspection and assessment was done Summer 2019, temporary repair was completed in Spring 2020, an updated breach analysis was done, and owner has  started planning on a full replacement.",-1
Non-Failure,-1,-1,-1,-1,-1,-1,-1,-1
Non-Failure,0,0,-1,-1,-1,-1,LAKE DRAWN DOWN BY 2.5 FT & IN AUGUST CONCRETE REPLACED IN SPALLS.  TOTAL REHAB. IS PLANNED.,-1
Failure,-1,-1,-1,-1,-1,-1,-1,-1
Failure,0,-1,0,-1,-1,$1 million to $5 million,-1,-1
Non-Failure,0,0,0,0,-1,-1,Immediate response by dam owner and Division of Safety of Dams,-1
Non-Failure,-1,100,-1,0,Roads,-1,-1,13
Failure,-1,-1,-1,-1,-1,-1,-1,-1
Failure,0,Unknown,Unknown,Unknown,"Roads, Bridges",-1,-1,-1
Non-Failure,0,20,1,1,Water/sewer lines,$25 million to $50 million,"Immediate response by dam owner, Division of Safety of Dams, and first responders.",-1
Failure,-1,-1,-1,-1,-1,-1,-1,-1
Non-Failure,-1,-1,-1,-1,-1,-1,-1,-1
Non-Failure,-1,-1,-1,-1,-1,-1,-1,-1
Non-Failure,-1,0,0,0,-1,-1,Owner reduced flow through gates; DNR issued order for repair.,-1
Non-Failure,-1,-1,-1,-1,-1,-1,-1,-1
Non-Failure,0,2,0,0,Roads,-1,EAP ACTIVATED AND COMPLETE DRAWDOWN REQUIRED.,-1
Non-Failure,0,0,0,0,-1,-1,"The State issued an Emergency Order to require the dam owner immediately lower water level under direction of a licensed Professional Engineer, submit a detailed investigation by a licensed Professional Engineer, and submit a Plan of Action for the repair",-1
Non-Failure,-1,-1,-1,-1,-1,-1,-1,-1
Failure,-1,-1,-1,-1,-1,-1,-1,-1
Failure,-1,-1,-1,-1,-1,-1,-1,-1
Non-Failure,0,0,-1,-1,-1,-1,EMERGENCY PERMIT ISSUED TO BREACH UNTIL OWNER DECIDES FUTURE OF DAM.,-1
Failure,-1,0,-1,0,Roads,-1,-1,341
Non-Failure,-1,0,-1,0,-1,-1,-1,0
Non-Failure,-1,-1,-1,-1,-1,-1,Pool level subsided,-1
Non-Failure,-1,-1,-1,-1,Roads,-1,-1,-1
Non-Failure,-1,-1,-1,-1,-1,-1,-1,-1
Non-Failure,-1,-1,-1,-1,-1,-1,-1,-1
Non-Failure,0,0,-1,-1,-1,-1,CONTRACTOR COMPLETED INSTALLING SHEET PILING TO ISOLATE CRACK.  PLAN TO MONITOR BY CONSULTANT.,0
Non-Failure,-1,-1,-1,-1,-1,-1,-1,-1
Non-Failure,-1,-1,-1,-1,-1,-1,-1,-1
Non-Failure,-1,-1,-1,-1,-1,-1,-1,-1
Failure,-1,-1,-1,-1,-1,-1,-1,-1
Failure,0,0,0,0,0,0,-1,160
Non-Failure,0,0,0,0,0,0,Directed owner to clear and widen aux. spillway.,0
Non-Failure,0,0,0,0,0,0,-1,-1
Non-Failure,0,0,0,0,0,0,Owner directed to take actions to lower water level in dam to dry spillway so a contractor can backfill and repair.,-1
Failure,0,0,0,0,0,0,-1,131
Non-Failure,-1,0,0,0,-1,-1,-1,-1
Failure,0,-1,0,-1,-1,$1 million to $5 million,-1,-1
Failure,7,-1,-1,-1,-1,-1,-1,-1
Non-Failure,-1,0,-1,0,-1,-1,-1,0
Non-Failure,-1,-1,-1,-1,-1,-1,-1,-1
Non-Failure,-1,0,-1,-1,Roads,-1,-1,0
Non-Failure,0,0,0,0,0,0,EMA agreed to contact landowner regarding necessary repairs.,-1
Failure,-1,-1,-1,-1,-1,-1,-1,-1
Non-Failure,-1,0,-1,0,-1,none,-1,0
Non-Failure,0,0,0,0,-1,-1,-1,-1
Failure,-1,-1,-1,-1,-1,-1,-1,-1
Non-Failure,-1,-1,-1,-1,-1,-1,-1,-1
Non-Failure,-1,-1,-1,-1,-1,-1,-1,-1
Non-Failure,0,0,-1,-1,-1,-1,"FURTHER DRAWDOWN WAS INITIATED, SITE WAS MONITORED, AND DEPRESSION INVESTIGATED BY EXCAVATION.",-1
Failure,0,0,0,0,-1,"$1 to $100,000",-1,-1
Non-Failure,0,0,0,0,Water/sewer lines,Unknown,"City found damage weeks later, a pilot channel was dug in aux spillway to lower reservoir",-1
Non-Failure,0,0,-1,-1,-1,-1,-1,-1
Failure,0,0,0,0,-1,-1,-1,-1
Failure,-1,0,-1,-1,-1,-1,-1,70
Failure,0,unknown,unknown,unknown,-1,-1,"State dam safety staff did a site visit on Sept. 17, 2019 and notified dam owner of the observed damage. Site condition limited access to damaged areas of the dam at the time of visit.",-1
Non-Failure,-1,0,0,0,-1,-1,-1,-1
Non-Failure,-1,Unknown,Unknown,Unknown,-1,Unknown,Unknown,-1
Failure,4,-1,-1,-1,-1,-1,-1,-1
Non-Failure,0,unknown,unknown,unknown,Other,-1,As conditions allow owner is maintaining a lowered reservoir level to reduce flow through the primary spillway to prevent further damage.,-1
Failure,0,Unknown,Unknown,Unknown,Roads,Unknown,-1,-1
Failure,-1,40,-1,-1,-1,-1,-1,-1
Failure,0,0,0,0,Other,"$1 to $100,000","State DSP required an engineered breach be constructed through the embankment and armored until appropriate engineering investigations, design, and permitting could be completed prior to repair construction.",6.9
Non-Failure,-1,-1,-1,-1,-1,-1,-1,-1
Failure,0,0,0,0,-1,-1,-1,-1
Failure,0,0,0,0,-1,-1,A CAMPGROUND ORGANIZATION REBUILT THE DAM IN 1953 WITH A 72' WIDE CONCRETE SPILLWAY.,-1
Failure,0,0,0,0,-1,-1,NO FUNDING WAS OBTAINED TO REBUILD THE DAM AS OF 1977.  RESIDENTS COMPLAINED TO THE STATE.,-1
Failure,-1,-1,-1,-1,-1,-1,-1,-1
Non-Failure,-1,-1,-1,-1,-1,-1,-1,-1
Non-Failure,0,0,0,0,-1,-1,ODSP staff made a site visit to inspect the rest of the structure. Dam currently under design.,-1
Failure,-1,-1,-1,-1,-1,-1,-1,-1
Non-Failure,-1,-1,-1,-1,-1,-1,-1,-1
Non-Failure,0,0,0,0,-1,-1,-1,-1
Non-Failure,-1,0,0,0,-1,-1,No EAP but local officials were notified. The dam owner was very cooperative. They were able to get a contractor on site relatively quickly and agreed with our plan of action. The County SWCD office keeped us up-to-date with the progess after the initial emergency was over.,-1
Failure,-1,0,-1,0,-1,none,-1,-1
Non-Failure,-1,-1,-1,-1,-1,-1,-1,-1
Failure,-1,-1,-1,-1,-1,-1,-1,-1
Non-Failure,-1,0,-1,-1,-1,-1,-1,-1
Non-Failure,0,-1,-1,-1,-1,-1,-1,-1
Failure,0,-1,-1,-1,-1,Unknown,report of dam failure was verified,-1
Non-Failure,-1,-1,-1,-1,-1,-1,County elected to lower lake level to reduce risk presented by structure until repairs can be completed.,-1
Non-Failure,0,-1,1,0,NONE,-1,-1,20
Failure,-1,0,-1,0,Roads,-1,-1,-1
Non-Failure,-1,-1,-1,-1,-1,-1,-1,-1
Non-Failure,-1,0,-1,0,-1,-1,-1,-1
Non-Failure,-1,0,-1,-1,-1,-1,-1,-1
Failure,0,0,0,0,-1,"$1 to $100,000",-1,125
Non-Failure,-1,188000,Unknown,-1,-1,Unknown,-1,-1
Non-Failure,-1,4,-1,-1,-1,-1,-1,-1
Non-Failure,0,0,0,0,-1,-1,-1,-1
Failure,0,0,0,0,-1,-1,Owners activitated EAP and closely monitored the site.  Barricaded and signed to prevent entry to public.,-1
Failure,0,0,0,0,-1,"$1 to $100,000",-1,-1
Failure,0,0,0,0,-1,"$1 to $100,000",-1,-1
Failure,0,-1,-1,-1,-1,-1,-1,-1
Non-Failure,-1,0,-1,-1,-1,-1,-1,-1
Non-Failure,-1,Unknown,Unknown,Unknown,-1,-1,-1,-1
Failure,0,-1,-1,-1,-1,-1,-1,-1
Non-Failure,0,0,0,0,-1,-1,ODSP staff informed owner. The dam is being monitored and currently under design.,-1
Non-Failure,0,0,0,0,NONE,-1,"FOLLOW-UP INSPECTION FOUND NO SEEPAGE, SINKHOLE WAS FILLED & MONITORED.  NO FURTHER PROBLEM.",-1
Failure,-1,-1,-1,-1,-1,-1,-1,-1
Non-Failure,-1,0,-1,0,-1,-1,-1,0
Failure,0,0,0,0,-1,-1,-1,-1
Non-Failure,0,0,0,0,0,0,Notified drainage district and NRCS of erosion to repair.,1900
Non-Failure,-1,Unknown,Unknown,Unknown,-1,Unknown,Program required lake lowered 4' below NP and affected area taped off. Diesel pumps were employed.,-1
Non-Failure,-1,-1,-1,-1,-1,-1,-1,-1
Non-Failure,0,0,0,0,-1,-1,SINKHOE REPAIRED W /ROCK & EARTH FILL & CONCRETE.  GROUTING FAILED.  MONITORING W/ PIEZOMETERS.,0
Non-Failure,0,0,0,0,-1,-1,"24-HR SURVEILLANCE & 2/FT PER DAY DRAWDOWN.  REPLACED WITH RCC DAM, COMPLETED IN 1998.",-1
Failure,-1,0,-1,-1,-1,-1,-1,-1
Failure,0,0,0,0,-1,-1,-1,-1
Non-Failure,-1,0,-1,0,-1,-1,-1,-1
Non-Failure,-1,-1,-1,-1,-1,-1,-1,-1
Failure,-1,-1,-1,3,-1,-1,-1,-1
Non-Failure,-1,0,0,0,-1,Unknown,"TCEQ and NRCS inspections, public meeting, SWCD and HOA monitored the slide",-1
Failure,-1,0,-1,0,-1,-1,-1,33
Non-Failure,-1,-1,-1,-1,-1,-1,-1,-1
Non-Failure,-1,0,-1,0,-1,-1,-1,0
Non-Failure,0,0,0,0,-1,-1,-1,-1
Failure,-1,-1,-1,-1,-1,-1,-1,-1
Failure,0,-1,0,0,-1,-1,-1,-1
Non-Failure,-1,-1,-1,-1,-1,-1,-1,-1
Non-Failure,-1,-1,-1,-1,-1,-1,-1,-1
Failure,0,unknown,unknown,unknown,-1,-1,"State dam safety staff did a site visit on Sept. 17, 2019 to document.",-1
Non-Failure,-1,0,-1,-1,Roads,-1,-1,0
Non-Failure,-1,-1,-1,-1,-1,-1,-1,-1
Non-Failure,-1,-1,-1,-1,-1,-1,-1,-1
Non-Failure,-1,-1,-1,-1,-1,-1,-1,-1
Non-Failure,-1,-1,-1,-1,-1,-1,-1,-1
Non-Failure,-1,-1,-1,-1,-1,-1,-1,-1
Non-Failure,-1,-1,-1,-1,-1,-1,-1,-1
Non-Failure,-1,-1,-1,-1,-1,-1,-1,-1
Non-Failure,-1,-1,-1,-1,-1,-1,-1,-1
Non-Failure,-1,-1,-1,-1,-1,-1,-1,-1
Non-Failure,-1,-1,-1,-1,-1,-1,-1,-1
Non-Failure,0,0,0,0,-1,-1,-1,-1
Non-Failure,-1,-1,-1,-1,-1,-1,-1,-1
Failure,0,0,0,0,Roads,Unknown,-1,76
Failure,-1,0,-1,0,Roads,-1,-1,0
Non-Failure,-1,0,-1,-1,-1,-1,-1,-1
Non-Failure,-1,-1,-1,-1,-1,-1,-1,-1
Failure,0,Unknown,Unknown,Unknown,Other,Unknown,-1,-1
Non-Failure,-1,-1,-1,-1,-1,-1,-1,-1
Failure,-1,20000,-1,-1,-1,$50 million to $100 million,-1,-1
Failure,250,-1,-1,-1,-1,-1,-1,-1
Non-Failure,-1,-1,-1,-1,-1,-1,-1,-1
Non-Failure,0,0,0,0,-1,-1,ODSP staff made site visits to assist owner. Owner actually had approved plans to replace the principal spillway prior to incident. Owner had contractor come in and temporarily breach the dam.  Replaced the spillway in the summer of 2019.,-1
Failure,-1,-1,-1,-1,-1,-1,-1,-1
Failure,-1,-1,-1,-1,-1,-1,-1,-1
Failure,0,0,0,0,-1,-1,-1,-1
Failure,0,0,-1,-1,-1,-1,PA FISH & BOAT ASKED ABOUT REPAIRS BUT SENT IN NO PLANS FOR REQUIRED AUTHORIZATION.,-1
Non-Failure,-1,-1,-1,-1,-1,-1,-1,-1
Non-Failure,-1,-1,-1,-1,-1,-1,-1,-1
Non-Failure,-1,-1,-1,-1,-1,-1,once regulators notified a storage restriction was implemented,-1
Non-Failure,0,-1,-1,0,NONE,-1,DRAWDOWN GATES OPENED & FOUR SWIFT WATER RESCUE TEAMS SENT TO BENSON BOR0 FOR BACKUP.,-1
Failure,0,-1,-1,-1,-1,Unknown,"County officials close the downstream highway for a few hours while the situation was assessed, highway was reopened once it was verified the downstream drainage and culverts could handle expected outflow",-1
Failure,0,0,0,0,Unknown,Unknown,-1,90
Non-Failure,-1,-1,-1,-1,-1,-1,-1,-1
Non-Failure,0,0,0,0,-1,-1,-1,-1
Failure,-1,-1,-1,-1,-1,-1,-1,-1
Failure,0,0,0,0,-1,-1,-1,-1
Failure,-1,-1,-1,-1,-1,-1,-1,-1
Non-Failure,0,-1,-1,-1,-1,-1,-1,-1
Failure,-1,-1,-1,-1,-1,-1,-1,-1
Non-Failure,-1,-1,-1,-1,-1,-1,-1,-1
Failure,0,-1,0,-1,-1,$1 million to $5 million,-1,-1
Non-Failure,-1,-1,-1,-1,-1,-1,-1,-1
Non-Failure,-1,-1,-1,-1,-1,-1,-1,-1
Non-Failure,-1,-1,-1,-1,-1,-1,-1,-1
Non-Failure,0,-1,-1,-1,-1,-1,-1,-1
Non-Failure,-1,1300,-1,0,-1,-1,-1,-1
Non-Failure,-1,0,0,0,-1,"$1 to $100,000",-1,-1
Non-Failure,-1,-1,-1,-1,-1,-1,-1,-1
Non-Failure,-1,0,-1,1,-1,-1,-1,0
Failure,0,-1,0,-1,-1,$5 million to $10 million,-1,-1
Non-Failure,-1,-1,-1,-1,-1,-1,-1,-1
Non-Failure,-1,-1,-1,-1,-1,-1,-1,-1
Failure,-1,-1,-1,-1,-1,-1,-1,-1
Non-Failure,-1,-1,-1,-1,-1,-1,-1,-1
Non-Failure,-1,-1,-1,-1,-1,-1,-1,-1
Non-Failure,-1,0,-1,0,-1,-1,-1,-1
Non-Failure,-1,0,-1,0,-1,-1,-1,-1
Non-Failure,-1,-1,-1,-1,-1,-1,-1,-1
Non-Failure,-1,0,-1,0,-1,-1,-1,-1
Non-Failure,-1,-1,-1,-1,-1,-1,-1,-1
Non-Failure,-1,0,-1,0,-1,-1,-1,-1
Non-Failure,-1,0,-1,0,-1,-1,-1,-1
Non-Failure,-1,-1,-1,-1,-1,-1,-1,-1
Non-Failure,-1,-1,-1,-1,-1,-1,-1,-1
Non-Failure,-1,0,-1,0,-1,-1,-1,-1
Failure,-1,-1,-1,-1,-1,-1,-1,-1
Non-Failure,-1,-1,-1,-1,-1,-1,-1,-1
Non-Failure,-1,0,-1,0,-1,-1,-1,-1
Non-Failure,-1,-1,-1,-1,-1,-1,-1,-1
Non-Failure,-1,-1,-1,-1,-1,-1,-1,-1
Non-Failure,-1,-1,-1,-1,-1,-1,-1,-1
Non-Failure,-1,0,-1,0,-1,-1,-1,-1
Non-Failure,-1,-1,-1,-1,-1,-1,-1,-1
Non-Failure,-1,0,-1,0,-1,-1,-1,-1
Non-Failure,-1,-1,-1,-1,-1,-1,-1,-1
Non-Failure,-1,0,-1,0,-1,-1,-1,-1
Non-Failure,-1,0,-1,0,-1,-1,-1,-1
Non-Failure,-1,0,-1,0,-1,-1,-1,-1
Non-Failure,-1,0,-1,0,-1,-1,-1,-1
Non-Failure,-1,-1,-1,-1,-1,-1,-1,-1
Non-Failure,-1,-1,-1,-1,-1,-1,-1,-1
Non-Failure,-1,-1,-1,-1,-1,-1,-1,-1
Non-Failure,-1,-1,-1,-1,-1,-1,-1,-1
Non-Failure,-1,-1,-1,-1,-1,-1,-1,-1
Non-Failure,-1,-1,-1,-1,-1,-1,-1,-1
Non-Failure,-1,-1,-1,-1,-1,-1,-1,-1
Non-Failure,-1,-1,-1,-1,-1,-1,-1,-1
Non-Failure,-1,0,-1,0,-1,-1,-1,-1
Non-Failure,-1,-1,-1,-1,-1,-1,-1,-1
Non-Failure,-1,-1,-1,-1,-1,-1,-1,-1
Non-Failure,-1,-1,-1,-1,-1,-1,-1,-1
Non-Failure,-1,-1,-1,-1,-1,-1,-1,-1
Non-Failure,-1,-1,-1,-1,-1,-1,-1,-1
Non-Failure,-1,-1,-1,-1,-1,-1,-1,-1
Non-Failure,-1,-1,-1,-1,-1,-1,-1,-1
Non-Failure,-1,-1,-1,-1,-1,-1,-1,-1
Non-Failure,-1,-1,-1,-1,-1,-1,-1,-1
Non-Failure,-1,-1,-1,-1,-1,-1,-1,-1
Non-Failure,-1,-1,-1,-1,-1,-1,-1,-1
Non-Failure,0,0,-1,-1,-1,-1,"OWNER DIRECTED TO BEGIN DRAWDOWN, STOCKPILE SAND & STONE DRAIN MATERIAL, & PROVIDE 24-HR SURVEILLANCE.",-1
Non-Failure,0,0,0,0,-1,-1,-1,-1
Non-Failure,-1,Unknown,Unknown,Unknown,-1,-1,Lake has been drained and temporary armored channel has been cut through embankment as interim measure until permanent repair or decommissioning can be completed.,-1
Non-Failure,-1,-1,-1,-1,-1,-1,-1,-1
Non-Failure,-1,-1,-1,-1,Roads,-1,-1,-1
Non-Failure,0,0,0,0,-1,-1,-1,-1
Failure,0,0,0,0,-1,"$1 to $100,000",-1,50
Non-Failure,-1,-1,-1,-1,-1,-1,-1,-1
Non-Failure,0,0,0,0,0,0,County officials shut down one lane of traffic and maintained a lowered lake level until repairs could be completed.  New culverts installed and backslope regraded and armored with grouted riprap.,-1
Non-Failure,-1,-1,-1,-1,-1,-1,-1,-1
Failure,0,-1,0,1,-1,-1,-1,-1
Non-Failure,0,0,0,0,-1,-1,-1,-1
Non-Failure,0,0,-1,-1,-1,-1,RESERVOIR WAS DRAWN DOWN BY 15 FEET AND THE SEEP WAS TESTED TO DETERMINE ITS SOURCE.,-1
Non-Failure,0,400,-1,-1,-1,-1,-1,-1
Failure,0,-1,-1,-1,-1,-1,-1,-1
Non-Failure,-1,-1,-1,-1,-1,-1,-1,-1
Failure,0,-1,-1,-1,-1,Unknown,-1,-1
Non-Failure,0,0,0,0,Roads,Unknown,Lower lake level. Install temporary aggregate berm to stabilize until repaired,-1
Non-Failure,-1,-1,-1,-1,-1,-1,-1,-1
Non-Failure,-1,-1,-1,-1,-1,-1,-1,-1
Non-Failure,0,-1,1,-1,Other,$25 million to $50 million,DAM WAS DRAWN DOWN 10 FEET AND EVENTUALLY BREACHED.,-1
Failure,-1,0,-1,-1,-1,-1,-1,95
Failure,-1,0,-1,0,Roads,-1,-1,-1
Failure,0,0,0,0,-1,-1,-1,-1
Non-Failure,-1,0,-1,0,-1,-1,-1,-1
Non-Failure,-1,0,0,0,-1,Unknown,Owners talked to downstream resident where the beaver dam was located. Water receeded w/out any damages.,-1
Failure,19,-1,-1,-1,-1,-1,-1,-1
Failure,-1,80000,-1,-1,-1,-1,-1,-1
Non-Failure,-1,0,-1,0,-1,-1,-1,-1
Non-Failure,0,-1,0,0,-1,-1,-1,-1
Failure,5,-1,-1,-1,-1,-1,-1,-1
Failure,0,11000,3000,3000,Roads,over $100 million,See IFT Report,15000
Failure,-1,-1,-1,66,-1,$5 million to $10 million,-1,78
Failure,-1,-1,-1,-1,-1,-1,-1,-1
Non-Failure,-1,0,-1,-1,-1,-1,-1,0
Non-Failure,-1,-1,-1,-1,-1,-1,-1,-1
Failure,0,0,0,0,-1,"$1 to $100,000",-1,49
Failure,0,0,0,0,-1,-1,-1,-1
Non-Failure,-1,-1,-1,-1,-1,-1,-1,-1
Failure,-1,-1,-1,-1,-1,-1,-1,-1
Failure,-1,-1,-1,-1,-1,-1,-1,-1
Failure,-1,-1,-1,-1,-1,-1,-1,-1
Failure,-1,-1,-1,-1,-1,-1,-1,-1
Failure,-1,-1,-1,-1,-1,-1,-1,-1
Failure,-1,-1,-1,-1,-1,-1,-1,-1
Failure,-1,-1,-1,-1,-1,-1,-1,-1
Failure,-1,-1,-1,-1,-1,-1,-1,-1
Failure,-1,-1,-1,-1,-1,-1,-1,-1
Failure,0,0,0,0,-1,-1,-1,-1
Failure,-1,-1,-1,-1,-1,-1,-1,-1
Failure,0,0,0,0,Roads,-1,-1,-1
Failure,-1,-1,-1,-1,-1,-1,-1,-1
Failure,-1,-1,-1,-1,-1,-1,-1,-1
Failure,-1,-1,-1,-1,-1,-1,-1,-1
Failure,-1,-1,-1,-1,-1,-1,-1,-1
Non-Failure,-1,-1,-1,-1,-1,-1,-1,-1
Failure,-1,-1,-1,-1,-1,-1,-1,-1
Failure,-1,-1,-1,-1,-1,-1,-1,-1
Failure,-1,-1,-1,-1,-1,-1,-1,-1
Failure,-1,-1,-1,-1,-1,-1,-1,-1
Failure,-1,-1,-1,-1,-1,-1,-1,-1
Failure,-1,-1,-1,-1,-1,-1,-1,-1
Failure,-1,-1,-1,-1,-1,-1,-1,-1
Failure,-1,-1,-1,-1,-1,-1,-1,-1
Non-Failure,0,0,0,0,-1,-1,"Reservoir elevaiton lowered back to its restricted elevation, 2.7' below the drop inlet spillway.",-1
Failure,-1,-1,-1,-1,-1,-1,-1,-1
Non-Failure,0,-1,-1,-1,-1,-1,See IFT Report,-1
Failure,-1,0,-1,-1,Roads,-1,-1,186
Non-Failure,0,1,0,0,-1,-1,-1,-1
Non-Failure,0,-1,0,0,-1,-1,-1,0
Non-Failure,-1,0,0,0,-1,"$1 to $100,000",-1,-1
Non-Failure,-1,0,-1,0,-1,-1,-1,-1
Failure,-1,-1,-1,-1,-1,-1,-1,-1
Non-Failure,0,0,0,0,Dams Downstream,-1,DAMS REMOVED AND NATURAL WATERWAYS RESTORED.,-1
Non-Failure,-1,0,-1,-1,-1,-1,-1,0
Non-Failure,0,0,0,0,-1,"$1 to $100,000",-1,-1
Non-Failure,-1,0,-1,-1,-1,-1,-1,0
Failure,-1,-1,-1,-1,-1,-1,-1,-1
Non-Failure,-1,0,-1,0,Bridges,-1,-1,0
Failure,0,0,0,0,Roads,"$1 to $100,000",-1,-1
Failure,-1,-1,-1,-1,-1,-1,-1,-1
Non-Failure,0,0,0,0,-1,-1,-1,-1
Failure,0,0,0,0,-1,Unknown,-1,-1
Failure,-1,-1,-1,-1,-1,-1,-1,-1
Failure,0,0,0,0,-1,Unknown,-1,4
Non-Failure,0,-1,-1,1,-1,Unknown,-1,-1
Non-Failure,-1,0,0,0,-1,-1,-1,-1
Failure,-1,-1,-1,-1,Other,"$500,000 to $1 million",-1,-1
Non-Failure,-1,0,0,0,-1,-1,Owners reduced lake level with siphons until repair was made.,-1
Non-Failure,-1,-1,-1,-1,Roads,"$500,000 to $1 million",-1,-1
Non-Failure,-1,0,0,0,Bridges,$1 million to $5 million,-1,-1
Failure,0,0,0,0,-1,-1,-1,-1
Non-Failure,-1,-1,-1,-1,-1,-1,-1,-1
Non-Failure,-1,-1,-1,-1,-1,-1,-1,-1
Non-Failure,-1,-1,-1,-1,-1,-1,-1,-1
Non-Failure,-1,-1,-1,-1,-1,-1,-1,-1
Failure,0,0,0,0,-1,-1,-1,-1
Failure,-1,0,-1,-1,-1,-1,-1,9
Non-Failure,0,-1,-1,-1,-1,-1,See IFT Report,-1
Failure,-1,-1,-1,-1,-1,-1,-1,-1
Failure,0,-1,0,-1,-1,$1 million to $5 million,-1,-1
Failure,0,-1,0,-1,-1,$1 million to $5 million,-1,-1
Failure,-1,-1,-1,-1,-1,-1,-1,-1
Non-Failure,-1,0,-1,0,-1,-1,-1,0
Non-Failure,-1,-1,-1,-1,-1,-1,-1,-1
Failure,0,0,0,0,-1,"$1 to $100,000",-1,131
Non-Failure,-1,50,-1,0,-1,"$100,000 to $500,000",-1,0
Failure,2209,-1,-1,-1,-1,$10 million to $25 million,-1,-1
Failure,0,0,0,1,Bridges,-1,DNR owed Dam.  Operators notified DNR Dam Safety quickly.,200 acre-feet
Failure,0,0,0,0,Unknown,Unknown,-1,45
Non-Failure,0,0,0,0,0,0,-1,-1
Non-Failure,-1,0,-1,0,-1,-1,-1,0
Failure,-1,-1,-1,-1,-1,$5 million to $10 million,-1,-1
Non-Failure,-1,200,-1,0,-1,none,-1,0
Failure,1,-1,-1,1,Bridges,Unknown,Dam operators attempted to evacuate the individual living just downstream but the home apparently washed away before that happened.,16487
Non-Failure,0,-1,-1,-1,-1,-1,-1,-1
Non-Failure,0,-1,-1,-1,-1,-1,-1,-1
Non-Failure,unknown,Unknown,Unknown,-1,-1,-1,-1,-1
Non-Failure,unknown,Unknown,Unknown,-1,-1,-1,-1,-1
Failure,unknown,Unknown,Unknown,-1,-1,-1,-1,-1
Failure,-1,0,-1,0,-1,-1,-1,-1
Non-Failure,-1,-1,-1,-1,-1,-1,-1,-1
Non-Failure,0,-1,-1,-1,-1,-1,-1,-1
Non-Failure,-1,0,0,0,unknown,Unknown,"Owner alerted County EMC, contacted TCEQ, TCEQ inspection",-1
Failure,-1,0,-1,0,-1,-1,-1,-1
Non-Failure,-1,-1,-1,-1,-1,-1,-1,-1
Non-Failure,-1,-1,-1,-1,-1,-1,-1,-1
Failure,0,0,0,0,-1,-1,State Dam Safety Program performed a full inspection following the breach of this dam.  The inspection report will contain a requirement that the Owner hire an engineer and submit either a permit application for repair or removal of the dam.,-1
Non-Failure,-1,-1,-1,-1,-1,-1,-1,-1
Non-Failure,0,0,-1,-1,-1,-1,"DEP STAFF INSPECTED SITE.  NO SIGNIFICANT DETERIORATION COMPARED TO PRIOR INSPECTIONS,",0
Non-Failure,unknown,Unknown,Unknown,-1,-1,-1,-1,-1
Failure,-1,0,-1,0,-1,-1,-1,517
Non-Failure,0,0,0,0,-1,-1,"The State issued an Emergency Order to require the dam owner immediately lower water level under direction of a licensed Professional Engineer, submit a detailed investigation by a licensed Professional Engineer, and submit a Plan of Action for the repair",-1
Failure,0,0,0,0,Other,"$1 to $100,000",Owners watched the dam fail and flood their fields. State employees made a site visit the following Monday to investigate dam and failure.,21.5
Non-Failure,-1,Unknown,Unknown,Unknown,Roads,-1,-1,-1
Non-Failure,-1,-1,-1,-1,-1,-1,-1,-1
Failure,600,-1,-1,-1,-1,$5 million to $10 million,-1,38000
Failure,-1,-1,-1,-1,-1,-1,-1,-1
Failure,-1,0,-1,-1,-1,-1,-1,-1
Non-Failure,0,0,0,0,-1,-1,-1,-1
Non-Failure,-1,-1,-1,-1,-1,-1,-1,-1
Failure,0,0,0,0,-1,-1,-1,-1
Failure,0,0,0,0,-1,"$1 to $100,000",-1,100
Failure,0,0,0,0,Roads,Unknown,DAM REMOVAL WAS APPROVED IN 2012 AND STREAM RESTORED TO FREE-FLOWING CONDITION.,100
Non-Failure,0,0,0,0,-1,Unknown,Community officals responsive during incident.  Provided pumps to lower reservoir.  Owner lowered spillway followng the event.,-1
Non-Failure,-1,-1,-1,-1,-1,-1,-1,-1
Non-Failure,-1,0,-1,0,-1,-1,-1,-1
Failure,0,0,0,0,-1,-1,DAM WAS BREACHED TO PREVENT POTENTIAL LOSS OF DOWNSTREAM CULVERT.,-1
Non-Failure,-1,-1,-1,-1,-1,-1,Sent staff several times. Owner was able to draw the water level down and eventually replace the spillway.,-1
Non-Failure,-1,0,-1,0,-1,-1,-1,-1
Failure,-1,-1,-1,-1,-1,-1,-1,-1
Non-Failure,-1,50,-1,0,Roads,-1,-1,0
Non-Failure,-1,0,-1,0,Unknown,Unknown,-1,-1
Non-Failure,-1,-1,-1,-1,-1,-1,-1,-1
Failure,-1,50,-1,-1,Unknown,Unknown,-1,417
Failure,-1,-1,-1,-1,-1,-1,-1,-1
Non-Failure,-1,-1,-1,-1,-1,-1,-1,-1
Non-Failure,-1,0,0,0,-1,-1,-1,-1
Non-Failure,-1,0,-1,0,Unknown,unknown,-1,-1
Non-Failure,0,0,0,0,-1,-1,Reservoir was drained via the owner's sanitary sewer system because the outlet was not functional.,-1
Failure,0,0,0,0,Roads,"$1 to $100,000",-1,-1
Failure,-1,-1,-1,-1,-1,-1,-1,-1
Failure,8,-1,-1,-1,Railroads,$1 million to $5 million,-1,-1
Non-Failure,unknown,Unknown,Unknown,-1,-1,-1,-1,-1
Failure,19,-1,-1,-1,-1,-1,-1,-1
Non-Failure,0,0,0,0,-1,-1,The Ohio Dam Safety Program (ODSP) was contacted by the dam owner. They started monitoring the seepage and opened the lake drain.,-1
Failure,4,-1,-1,-1,-1,-1,-1,-1
Non-Failure,-1,0,0,0,Roads,-1,-1,-1
Failure,-1,-1,-1,0,-1,none,-1,-1
Non-Failure,0,0,0,0,-1,-1,-1,-1
Failure,-1,0,-1,0,-1,-1,-1,170
Non-Failure,-1,-1,-1,-1,-1,-1,-1,-1
Non-Failure,-1,-1,-1,-1,-1,-1,-1,-1
Non-Failure,-1,-1,-1,-1,-1,-1,-1,-1
Non-Failure,-1,-1,-1,-1,-1,-1,-1,-1
Failure,11,-1,-1,-1,-1,over $100 million,-1,-1
Failure,-1,0,-1,0,Water/sewer lines,-1,-1,30
Failure,-1,160,-1,-1,Roads,-1,-1,-1
Non-Failure,0,0,0,0,Other,Unknown,Dam safety staff notified by local enforcement and DNR conservation warden.  Contacted owner to monitor and further activate EAP if needed.,-1
Failure,-1,-1,-1,-1,-1,-1,-1,-1
Non-Failure,0,0,0,0,-1,-1,-1,-1
Non-Failure,-1,-1,-1,-1,-1,-1,-1,-1
Non-Failure,-1,-1,-1,-1,-1,-1,-1,-1
Non-Failure,-1,0,-1,-1,Roads,-1,-1,0
Failure,-1,-1,-1,-1,-1,-1,-1,-1
Non-Failure,-1,-1,-1,-1,-1,-1,-1,-1
Non-Failure,0,-1,0,0,-1,-1,-1,0
Non-Failure,0,-1,0,0,Roads,-1,-1,0
Non-Failure,-1,-1,-1,-1,-1,-1,The water level in the pond has been lowered and the low level outlet is being used to pass flows.  An emergency design to repair the spillway is being done.,-1
Non-Failure,0,0,0,0,-1,-1,-1,-1
Non-Failure,0,-1,0,-1,Roads,-1,-1,0
Non-Failure,0,0,0,0,Roads,"$1 to $100,000",-1,-1
Non-Failure,0,0,0,0,-1,-1,"DRAWDOWN OF RESERVOIR, APPROX. 1 FOOT/DAY.  REPAIR MEASURES IN PLANNING.",-1
Non-Failure,-1,-1,-1,-1,-1,-1,-1,-1
Failure,-1,-1,-1,-1,-1,$1 million to $5 million,-1,-1
Non-Failure,-1,0,-1,0,-1,-1,-1,-1
Non-Failure,-1,-1,-1,-1,-1,-1,-1,-1
Non-Failure,-1,-1,-1,0,-1,-1,-1,-1
Non-Failure,0,0,0,0,-1,-1,-1,-1
Failure,0,Unknown,Unknown,Unknown,"Roads, Railroads",Unknown,-1,8700
Non-Failure,-1,-1,-1,-1,-1,-1,-1,-1
Non-Failure,-1,-1,-1,-1,-1,-1,-1,-1
Non-Failure,-1,-1,-1,-1,-1,-1,-1,-1
Non-Failure,-1,-1,-1,-1,-1,-1,-1,-1
Non-Failure,0,-1,-1,-1,-1,-1,-1,-1
Failure,-1,-1,-1,1,-1,-1,-1,-1
Failure,-1,-1,-1,-1,-1,-1,-1,-1
Failure,-1,-1,-1,-1,-1,-1,-1,-1
Failure,-1,-1,-1,-1,-1,-1,-1,-1
Non-Failure,-1,0,-1,-1,Unknown,Unknown,-1,-1
Failure,-1,-1,-1,-1,-1,-1,-1,-1
Failure,-1,-1,-1,-1,-1,-1,-1,-1
Failure,-1,-1,-1,-1,-1,-1,-1,-1
Failure,-1,-1,-1,-1,-1,-1,-1,-1
Failure,-1,-1,-1,-1,-1,-1,-1,-1
Failure,60,-1,-1,-1,-1,-1,-1,-1
Failure,60,-1,-1,-1,-1,-1,-1,-1
Failure,44,-1,-1,-1,-1,"$500,000 to $1 million",-1,-1
Non-Failure,-1,-1,-1,-1,-1,-1,-1,-1
Non-Failure,-1,-1,-1,-1,-1,-1,-1,-1
Non-Failure,-1,-1,-1,-1,-1,-1,-1,-1
Non-Failure,-1,-1,-1,-1,-1,-1,-1,-1
Non-Failure,-1,-1,-1,-1,-1,-1,-1,-1
Non-Failure,-1,-1,-1,-1,-1,-1,-1,-1
Non-Failure,0,0,-1,-1,-1,-1,DAM WAS REPAIRED AFTER THE FLOOD AND REMAINED IN SERVICE.,0
Failure,-1,-1,-1,-1,-1,-1,-1,-1
Failure,0,0,0,0,Roads,"$100,000 to $500,000",-1,40
Non-Failure,0,0,0,0,-1,-1,ODSP staff directed the dam owner to lower the water level. Started by pumping and then was able to remove a portion of the spillway riser. Dam currently under design.,-1
Non-Failure,0,-1,-1,-1,-1,-1,-1,-1
Non-Failure,-1,-1,-1,-1,-1,-1,Sent staff to observe sinkhole. Dam was already drained from previous incidents. Directed owner to partially breach dam until dam can be brought into full compliance.,-1
Non-Failure,-1,-1,-1,-1,-1,-1,-1,-1
Non-Failure,-1,-1,-1,-1,-1,-1,-1,-1
Failure,-1,-1,-1,-1,-1,-1,-1,-1
Non-Failure,0,-1,-1,-1,-1,-1,-1,-1
Non-Failure,-1,-1,-1,-1,-1,-1,-1,-1
Failure,-1,-1,-1,-1,-1,-1,-1,-1
Non-Failure,-1,-1,-1,-1,-1,-1,-1,-1
Non-Failure,-1,-1,-1,-1,-1,-1,-1,-1
Non-Failure,-1,-1,-1,-1,-1,-1,-1,-1
Non-Failure,-1,Unknown,Unknown,Unknown,Roads,Unknown,-1,-1
Non-Failure,-1,-1,-1,-1,-1,-1,-1,-1
Non-Failure,0,Unknown,1,0,-1,Unknown,Emergency pumping and partial removal of riser to clear blockage,-1
Failure,0,0,0,0,Roads,"$100,000 to $500,000",-1,109
Non-Failure,-1,-1,-1,-1,-1,-1,-1,-1
Failure,0,0,0,1,Roads,"$1 to $100,000",-1,144
Non-Failure,0,0,0,0,-1,-1,-1,-1
Failure,-1,-1,-1,-1,-1,-1,-1,-1
Failure,-1,0,-1,0,-1,none,-1,280
Failure,-1,-1,-1,-1,-1,-1,-1,-1
Failure,-1,-1,-1,-1,-1,-1,-1,-1
Failure,0,0,0,0,-1,"$1 to $100,000",-1,78
Failure,-1,0,-1,0,Roads,-1,-1,15
Non-Failure,-1,0,-1,-1,-1,-1,-1,-1
Non-Failure,-1,-1,-1,-1,-1,-1,-1,-1
Failure,-1,-1,-1,-1,-1,-1,-1,-1
Failure,0,0,0,0,-1,"$1 to $100,000",Owner notified downstream neighbor immediately.,30
Non-Failure,0,0,0,0,Roads,Unknown,-1,-1
Non-Failure,0,0,0,0,-1,-1,-1,-1
Non-Failure,-1,-1,-1,-1,-1,-1,-1,-1
Non-Failure,-1,0,0,0,-1,-1,Siphoned the water level down. Dam owner is looking into breaching the dam.,-1
Non-Failure,0,0,0,0,"Roads, Water/sewer lines",$1 million to $5 million,-1,-1
Failure,0,0,0,0,Roads,"$100,000 to $500,000",Dam owner notified sheriff and sheriff checked on D/S properties and notified property owners.,119
Failure,0,0,0,0,Other,-1,"USACE supplied high capacity pump, city and county placed rock in void to slow failure",Unknown
Non-Failure,-1,0,0,0,-1,"$1 to $100,000",-1,-1
Failure,0,0,0,0,Roads,"$1 to $100,000",-1,40
Non-Failure,0,-1,-1,-1,-1,-1,-1,-1
Non-Failure,-1,0,-1,0,-1,none,-1,0
Non-Failure,-1,-1,-1,-1,-1,-1,-1,-1
Failure,0,0,0,0,-1,"$1 to $100,000",-1,-1
Failure,-1,-1,-1,-1,-1,-1,-1,-1
Non-Failure,-1,-1,-1,-1,-1,-1,-1,-1
Non-Failure,0,Unknown,Unknown,Unknown,"Roads, Bridges",-1,-1,-1
Non-Failure,-1,-1,-1,-1,-1,-1,-1,-1
Non-Failure,-1,-1,-1,-1,-1,-1,Owner cleaned out spillway drain and seepage around spillway side wall stopped,-1
Failure,-1,-1,-1,-1,-1,-1,-1,-1
Failure,8,80,-1,-1,-1,-1,-1,-1
Failure,0,0,0,0,-1,"$1 to $100,000",-1,213
Non-Failure,-1,-1,-1,-1,-1,-1,Pool level subsided,-1
Non-Failure,0,0,-1,-1,-1,-1,-1,-1
Non-Failure,-1,0,-1,0,-1,-1,-1,0
Non-Failure,-1,-1,-1,-1,-1,-1,-1,-1
Non-Failure,-1,0,-1,0,-1,-1,-1,-1
Non-Failure,-1,-1,-1,-1,-1,-1,-1,-1
Failure,-1,-1,-1,-1,-1,-1,-1,-1
Failure,-1,-1,-1,-1,-1,-1,-1,-1
Non-Failure,-1,-1,-1,-1,-1,-1,-1,-1
Non-Failure,-1,-1,-1,-1,-1,-1,"Quickly installed a temporary buttress, got pumps running and initiated a more diligent monitoring plan for the pumps, generators and slopes.",-1
Non-Failure,-1,0,-1,0,-1,-1,-1,-1
Failure,-1,-1,-1,-1,-1,-1,-1,-1
Non-Failure,-1,-1,-1,-1,-1,-1,-1,-1
Failure,0,-1,-1,0,-1,-1,-1,-1
Failure,-1,0,-1,1,Roads,-1,-1,-1
Failure,0,0,0,0,Roads,Unknown,-1,72
Failure,-1,-1,-1,-1,-1,-1,-1,-1
Non-Failure,0,0,-1,-1,-1,-1,"PRIMARY SPILLWAY PLUGGED, FLOW DIVERTED TO AUXILIARY PIPES, & REPAIR PLAN PREPARED.",-1
Non-Failure,-1,-1,-1,-1,-1,-1,-1,-1
Non-Failure,-1,-1,-1,-1,-1,-1,-1,-1
Non-Failure,-1,-1,-1,-1,-1,-1,-1,-1
Failure,9,-1,-1,-1,-1,-1,-1,-1
Non-Failure,0,0,0,0,"Roads, Bridges, Dams Downstream","$1 to $100,000","Dam safety staff notified by local enforcement and DNR conservation warden.  Contacted owner to monitor, provided FYI to downstream residents. Owner advised to further activate EAP if conditions deteriorated further.",-1
Non-Failure,0,0,0,0,-1,-1,"After inspection of the breached area, a letter was sent to owner requesting complete lowering of impoundment and directive for removal plans to be submitted",-1
Failure,0,Unknown,Unknown,0,-1,-1,-1,-1
Non-Failure,-1,0,-1,0,Unknown,Unknown,-1,-1
Failure,-1,0,-1,0,-1,-1,-1,-1
Failure,0,Unknown,Unknown,0,Water/sewer lines,-1,-1,Unknown
Failure,0,Unknown,Unknown,0,Roads,-1,Also impacts to water and sewer lines.,30
Failure,-1,0,-1,0,-1,-1,-1,-1
Failure,-1,-1,-1,-1,-1,-1,-1,-1
Failure,-1,-1,-1,-1,-1,-1,-1,-1
Non-Failure,-1,-1,-1,-1,-1,-1,-1,-1
Non-Failure,0,0,0,0,-1,Unknown,-1,-1
